origin,destination,carrier_old,current_rate,currency_old,effective_date,lane,carrier_new,rate,fuel surcharge,currency_new,eff_date,expdate,remarks,random notes,is_new_lane,is_removed_lane,rate_diff,percent_change,change_type
AMD,BPL,,,,,AMD-BPL,CargoMax,861.0,306.55,,2025-11-30,2025-11-17,,Property bed over turn these production indeed.,True,False,,,New Lane
AMD,BPL,,,,,AMD-BPL ,BlueDart,27140.0,113.42,,2026-04-11,2026-08-21,priority,Worry far age tough someone interesting make.,True,False,,,New Lane
AMD,BPL,,,,,AMD-BPL,QuickShip,4387.0,87.1,,2025-10-04,2026-01-20,priority,Before pick culture often student detail community rise.,True,False,,,New Lane
AMD,BPL,,,,,AMD-BPL,CargoMax,2360.0,392.09,,2025-11-29,2025-12-02,Special handling,Star move next nature before crime decide.,True,False,,,New Lane
AMD,BPL,,,,,AMD-BPL,CargoMax,718.0,58.98,usd,2025-11-09,2025-10-15,Special handling,Fire everyone once room.,True,False,,,New Lane
AMD,BPL,,,,,AMD-BPL,LogiX,723.0,302.28,,2025-10-06,2026-09-15,Urgent,Get floor huge year citizen.,True,False,,,New Lane
AMD,BPL,,,,,AMD-BPL,LogiX,515.0,45.03,usd,2025-09-21,2025-09-26,,Professional mean low child.,True,False,,,New Lane
AMD,BPL,,,,,AMD-BPL,BlueDart,1338.0,50.13,usd,2026-01-15,2026-05-22,,Clear indicate the.,True,False,,,New Lane
AMD,BPL,,,,,AMD-BPL,CargoMax,1847.0,442.54,EURO,2026-04-10,2026-10-09,priority,Ground him now body conference.,True,False,,,New Lane
AMD,BPL,,,,,AMD-BPL,LogiX,1765.0,13.31,usd,2025-09-15,2026-08-26,check rate,Key decade if front her debate against.,True,False,,,New Lane
AMD,BPL,,,,,AMD-BPL,BlueDart,1003.0,359.48,EURO,2025-08-18,2026-03-24,,Offer support return stuff society available.,True,False,,,New Lane
AMD,BPL,,,,,AMD-BPL,FastMove,2646.0,331.49,usd,2025-09-25,2026-01-19,Special handling,Against feel former food themselves.,True,False,,,New Lane
AMD,BPL,,,,,AMD-BPL,BlueDart,4388.0,63.27,,2025-12-15,2026-01-07,Special handling,Pick maintain all save.,True,False,,,New Lane
AMD,BPL,,,,,AMD-BPL,BlueDart,1338.0,50.13,usd,2026-01-15,2026-05-22,,Clear indicate the.,True,False,,,New Lane
AMD,BPL,,,,,AMD-BPL,LogiX,2642.0,372.15,usd,2025-10-09,2026-04-08,,Child market sometimes.,True,False,,,New Lane
AMD,BPL,,,,,AMD-BPL,LogiX,1597.0,216.62,usd,2026-04-11,2026-03-07,,Stand body chance either contain.,True,False,,,New Lane
AMD,BPL,,,,,AMD-BPL,CargoMax,3987.0,133.3,usd,2025-12-18,2026-06-03,check rate,Election middle great despite claim me.,True,False,,,New Lane
AMD,GOI,,,,,AMD-GOI,QuickShip,4116.0,447.11,INR,2026-01-22,2026-05-15,check rate,Old reason anyone image.,True,False,,,New Lane
AMD,GOI,,,,,AMD-GOI ,FastMove,2430.0,75.5,usd,2026-03-15,2026-12-17,Urgent,Open feel message reality actually thought.,True,False,,,New Lane
AMD,GOI,,,,,AMD-GOI,QuickShip,2283.0,16.1,inr,2026-05-02,2026-09-10,Special handling,Chance candidate commercial kid attack house build policy.,True,False,,,New Lane
AMD,GOI,,,,,AMD-GOI,FastMove,4974.0,495.83,inr,2026-01-07,2026-07-19,,Through image another half project free budget.,True,False,,,New Lane
AMD,GOI,,,,,AMD-GOI,FastMove,4574.0,307.97,EURO,2026-02-27,2026-12-12,check rate,Appear carry summer power loss.,True,False,,,New Lane
AMD,GOI,,,,,AMD-GOI,CargoMax,1960.0,62.13,Usd,2025-06-03,2026-01-04,check rate,Open line Democrat black kind.,True,False,,,New Lane
AMD,GOI,,,,,AMD-GOI,QuickShip,2094.0,230.41,usd,2025-12-29,2026-05-30,,Course writer feeling some remain according.,True,False,,,New Lane
AMD,GOI,,,,,AMD-GOI ,CargoMax,2859.0,124.5,,2026-04-04,2026-04-29,check rate,Hit knowledge majority.,True,False,,,New Lane
AMD,GOI,,,,,AMD-GOI,BlueDart,3585.0,113.36,EURO,2025-09-22,2025-10-02,Special handling,Place result station become.,True,False,,,New Lane
AMD,GOI,,,,,AMD-GOI,BlueDart,1703.0,417.59,EURO,2025-11-17,2026-07-07,priority,Whole similar different spend book after.,True,False,,,New Lane
AMD,GOI,,,,,AMD-GOI,BlueDart,3585.0,113.36,EURO,2025-09-22,2025-10-02,Special handling,Place result station become.,True,False,,,New Lane
AMD,GOI,,,,,AMD-GOI,CargoMax,771.0,287.19,EURO,2025-09-30,2026-09-26,Urgent,Explain recognize community run.,True,False,,,New Lane
AMD,GOI,,,,,AMD-GOI,LogiX,1831.0,240.84,,2025-12-06,2026-04-25,,Safe out sort environment bar subject rather.,True,False,,,New Lane
AMD,GOI,,,,,AMD-GOI,CargoMax,1026.0,157.82,inr,2025-06-17,2026-06-17,Special handling,I establish law far almost.,True,False,,,New Lane
AMD,GOI,,,,,AMD-GOI,QuickShip,4014.0,73.81,,2025-07-22,2026-04-26,check rate,Director add message.,True,False,,,New Lane
AMD,GOI,,,,,AMD-GOI,QuickShip,2094.0,230.41,usd,2025-12-29,2026-05-30,,Course writer feeling some remain according.,True,False,,,New Lane
AMD,IND,,,,,AMD-IND,FastMove,1389.0,287.65,inr,2026-02-07,2026-03-21,,Ready human movie back least fire.,True,False,,,New Lane
AMD,IND,,,,,AMD-IND,LogiX,2387.0,176.68,Usd,2025-12-01,2026-07-21,priority,Save buy source account skill yes.,True,False,,,New Lane
AMD,IND,,,,,AMD-IND,QuickShip,1847.0,34.0,inr,2026-01-06,2026-06-19,priority,Attention upon business available more maintain go say.,True,False,,,New Lane
AMD,IND,,,,,AMD-IND,LogiX,888.0,360.77,EURO,2025-12-06,2026-07-04,priority,Miss loss trip including arrive.,True,False,,,New Lane
AMD,IND,,,,,AMD-IND,QuickShip,25380.0,129.42,INR,2025-07-06,2026-01-12,Special handling,Him want eight picture foot.,True,False,,,New Lane
AMD,IND,,,,,AMD-IND,FastMove,1987.0,166.95,inr,2025-07-23,2025-07-25,Urgent,Green much set arm season blood rule.,True,False,,,New Lane
AMD,IND,,,,,AMD-IND,FastMove,1389.0,287.65,inr,2026-02-07,2026-03-21,,Ready human movie back least fire.,True,False,,,New Lane
AMD,IND,,,,,AMD-IND,LogiX,546.0,170.05,EURO,2025-07-02,2026-01-30,check rate,Name big law fight effort.,True,False,,,New Lane
AMD,IND,,,,,AMD-IND,CargoMax,3290.0,222.18,EURO,2025-08-26,2026-03-16,check rate,Cultural away home ask month between seek.,True,False,,,New Lane
AMD,IND,,,,,AMD-IND,LogiX,4814.0,338.05,usd,2025-11-13,2026-04-26,Special handling,Throw all toward box TV eight different.,True,False,,,New Lane
AMD,IND,,,,,AMD-IND,BlueDart,2434.0,65.08,EURO,2025-10-23,2026-08-20,,Civil speak gun picture certain than TV.,True,False,,,New Lane
AMD,IND,,,,,AMD-IND,LogiX,4918.0,94.26,usd,2025-09-27,2026-07-25,Special handling,Group prove lay after foreign happen practice.,True,False,,,New Lane
AMD,IND,,,,,AMD-IND,BlueDart,3652.0,415.14,EURO,2025-07-17,2026-06-02,Urgent,Show case herself child speak.,True,False,,,New Lane
AMD,IND,,,,,AMD-IND,CargoMax,501.0,259.26,Usd,2026-03-02,2026-10-03,check rate,I tonight style month.,True,False,,,New Lane
AMD,IND,,,,,AMD-IND,LogiX,4814.0,338.05,usd,2025-11-13,2026-04-26,Special handling,Throw all toward box TV eight different.,True,False,,,New Lane
AMD,IND,,,,,AMD-IND,QuickShip,2988.0,162.99,usd,2025-11-03,2026-04-20,priority,Director fight break work.,True,False,,,New Lane
AMD,IND,,,,,AMD-IND,BlueDart,2458.0,32.9,Usd,2025-09-11,2026-06-26,,Rise do society least.,True,False,,,New Lane
AMD,IND,,,,,AMD-IND,QuickShip,2214.0,466.03,inr,2026-04-06,2026-04-30,Urgent,Sell picture Congress who give.,True,False,,,New Lane
AMD,IND,,,,,AMD-IND,FastMove,2366.0,158.59,usd,2025-05-20,2025-12-25,priority,Catch require another then.,True,False,,,New Lane
AMD,IND,,,,,AMD-IND,CargoMax,2775.0,260.54,inr,2025-08-28,2025-09-04,,Event network late decide likely probably.,True,False,,,New Lane
AMD,IND,,,,,AMD-IND,FastMove,1987.0,166.95,inr,2025-07-23,2025-07-25,Urgent,Green much set arm season blood rule.,True,False,,,New Lane
AMD,IND,,,,,AMD-IND,QuickShip,1740.0,339.96,INR,2025-07-21,2025-06-23,,Improve religious avoid eat.,True,False,,,New Lane
AMD,IND,,,,,AMD-IND,BlueDart,2146.0,136.38,Usd,2026-04-09,2027-02-22,,Former newspaper should it scientist vote well authority.,True,False,,,New Lane
AMD,IND,,,,,AMD-IND,QuickShip,2318.0,435.47,INR,2026-03-06,2026-08-21,Urgent,Actually candidate catch manage offer someone yeah.,True,False,,,New Lane
AMD,IND,,,,,AMD-IND,CargoMax,3290.0,222.18,EURO,2025-08-26,2026-03-16,check rate,Cultural away home ask month between seek.,True,False,,,New Lane
AMD,IND,,,,,AMD-IND,FastMove,1425.0,230.68,usd,2026-05-08,2027-01-17,,Indeed sea officer throughout also.,True,False,,,New Lane
AMD,IND,,,,,AMD-IND,QuickShip,1767.0,95.29,EURO,2025-07-07,2025-09-27,Special handling,Win man truth you through determine almost decade.,True,False,,,New Lane
AMD,IND,,,,,AMD-IND,CargoMax,3940.0,430.72,Usd,2025-11-10,2025-10-28,check rate,Anything wonder put newspaper lot.,True,False,,,New Lane
AMD,IND,,,,,AMD-IND,QuickShip,2214.0,466.03,inr,2026-04-06,2026-04-30,Urgent,Sell picture Congress who give.,True,False,,,New Lane
AMD,IND,,,,,AMD-IND,FastMove,2779.0,106.15,usd,2025-06-05,2025-12-13,,Care think care.,True,False,,,New Lane
AMD,IND,,,,,AMD-IND,LogiX,2387.0,176.68,Usd,2025-12-01,2026-07-21,priority,Save buy source account skill yes.,True,False,,,New Lane
AMD,JPR,,,,,AMD-JPR,FastMove,2332.0,280.35,,2025-07-19,2026-03-02,Special handling,Significant magazine discussion move.,True,False,,,New Lane
AMD,JPR,,,,,AMD-JPR,LogiX,3245.0,324.36,INR,2025-05-19,2025-06-27,Special handling,Appear occur prove body top future money.,True,False,,,New Lane
AMD,JPR,,,,,AMD-JPR,LogiX,934.0,480.37,INR,2025-07-09,2026-05-16,check rate,Require billion moment happen be group everyone.,True,False,,,New Lane
AMD,JPR,,,,,AMD-JPR,BlueDart,3199.0,293.61,EURO,2025-12-15,2026-05-02,Urgent,Position bring power information.,True,False,,,New Lane
AMD,JPR,,,,,AMD-JPR,CargoMax,2345.0,340.12,INR,2026-04-12,2026-05-20,priority,In week race attention investment.,True,False,,,New Lane
AMD,JPR,,,,,AMD-JPR,CargoMax,3120.0,235.68,Usd,2026-03-25,2026-12-24,,Behavior hotel authority learn car mind scientist.,True,False,,,New Lane
AMD,JPR,,,,,AMD-JPR,CargoMax,1867.0,272.22,inr,2025-09-02,2026-03-29,,Line drive must material manage.,True,False,,,New Lane
AMD,JPR,,,,,AMD-JPR,LogiX,595.0,205.76,INR,2025-10-19,2026-01-12,check rate,Instead election field notice as class.,True,False,,,New Lane
AMD,JPR,,,,,AMD-JPR,BlueDart,2062.0,457.47,Usd,2026-02-15,2026-10-27,check rate,Professor return strong drive.,True,False,,,New Lane
AMD,JPR,,,,,AMD-JPR,CargoMax,4863.0,439.83,usd,2025-11-18,2026-09-08,check rate,Candidate performance low watch data.,True,False,,,New Lane
AMD,JPR,,,,,AMD-JPR,BlueDart,2563.0,230.88,,2025-05-17,2025-07-25,Special handling,Base light foreign best side.,True,False,,,New Lane
AMD,JPR,,,,,AMD-JPR,BlueDart,2628.0,495.84,INR,2025-11-07,2026-03-31,,Happy sister force person.,True,False,,,New Lane
AMD,JPR,,,,,AMD-JPR,QuickShip,2372.0,266.68,inr,2025-07-26,2025-10-02,priority,Citizen child throw pattern consumer natural.,True,False,,,New Lane
AMD,JPR,,,,,AMD-JPR,BlueDart,3199.0,293.61,EURO,2025-12-15,2026-05-02,Urgent,Position bring power information.,True,False,,,New Lane
AMD,JPR,,,,,AMD-JPR,FastMove,4211.0,270.71,usd,2025-06-09,2025-05-18,Urgent,Strong plant religious upon prove whole.,True,False,,,New Lane
AMD,JPR,,,,,AMD-JPR,QuickShip,4915.0,76.42,EURO,2026-02-15,2026-05-27,Urgent,Out white sell leg process recent true huge.,True,False,,,New Lane
AMD,JPR,,,,,AMD-JPR,FastMove,3724.0,234.75,INR,2025-11-23,2026-10-18,,Federal modern meeting throw quality music.,True,False,,,New Lane
AMD,JPR,,,,,AMD-JPR,BlueDart,4770.0,476.82,,2025-07-27,2025-06-28,check rate,Style believe body issue raise matter enjoy.,True,False,,,New Lane
AMD,JPR,,,,,AMD-JPR,LogiX,595.0,205.76,INR,2025-10-19,2026-01-12,check rate,Instead election field notice as class.,True,False,,,New Lane
AMD,JPR,,,,,AMD-JPR,QuickShip,3719.0,205.87,INR,2025-08-17,2025-07-16,Urgent,Authority region get possible strong.,True,False,,,New Lane
AMD,JPR,,,,,AMD-JPR,CargoMax,3447.0,389.19,EURO,2025-11-08,2026-08-22,,Much bit whatever two yard agree relationship.,True,False,,,New Lane
AMD,JPR,,,,,AMD-JPR,QuickShip,2442.0,494.6,inr,2026-05-02,2026-11-02,Urgent,Management mean in character charge road.,True,False,,,New Lane
AMD,LKO,,,,,AMD-LKO,FastMove,2039.0,164.74,EURO,2025-08-17,2025-10-05,,Over staff certainly country.,True,False,,,New Lane
AMD,LKO,,,,,AMD-LKO,BlueDart,972.0,469.28,,2026-04-05,2027-01-21,,Guy rise audience into option.,True,False,,,New Lane
AMD,LKO,,,,,AMD-LKO,LogiX,1834.0,497.17,inr,2026-04-21,2026-10-06,Urgent,Wind contain least join institution.,True,False,,,New Lane
AMD,LKO,,,,,AMD-LKO,LogiX,3839.0,170.7,,2025-11-05,2025-11-28,,Life decision future hard improve approach.,True,False,,,New Lane
AMD,LKO,,,,,AMD-LKO,CargoMax,3207.0,133.32,Usd,2025-12-24,2026-11-10,Urgent,Head him whom event big level this.,True,False,,,New Lane
AMD,LKO,,,,,AMD-LKO,BlueDart,4095.0,97.73,inr,2025-09-05,2025-09-03,check rate,If available free quickly thought wind security.,True,False,,,New Lane
AMD,LKO,,,,,AMD-LKO,FastMove,1549.0,494.71,Usd,2026-03-03,2026-07-24,Urgent,Onto some information item.,True,False,,,New Lane
AMD,LKO,,,,,AMD-LKO,CargoMax,2154.0,161.33,INR,2025-06-29,2026-02-25,Special handling,Record once play hit theory.,True,False,,,New Lane
AMD,LKO,,,,,AMD-LKO,CargoMax,2250.0,58.86,EURO,2025-12-18,2026-08-14,Special handling,Let culture collection near back.,True,False,,,New Lane
AMD,LKO,,,,,AMD-LKO,CargoMax,4033.0,300.54,usd,2025-10-11,2026-10-07,check rate,Sometimes water blue candidate several.,True,False,,,New Lane
AMD,LKO,,,,,AMD-LKO,BlueDart,3833.0,191.78,EURO,2025-09-12,2026-03-30,,Technology house act wife hotel sport value him.,True,False,,,New Lane
AMD,LKO,,,,,AMD-LKO,BlueDart,2622.0,206.6,inr,2026-01-14,2025-12-29,,Law eye thus foot add.,True,False,,,New Lane
AMD,LKO,,,,,AMD-LKO,QuickShip,2335.0,379.2,Usd,2026-03-28,2026-11-14,priority,Over use size east.,True,False,,,New Lane
AMD,LKO,,,,,AMD-LKO,CargoMax,4134.0,382.79,INR,2026-02-28,2026-08-04,,Bit certain question president meeting.,True,False,,,New Lane
AMD,LKO,,,,,AMD-LKO,FastMove,1346.0,15.0,inr,2025-06-04,2025-06-06,Urgent,Respond point series leg.,True,False,,,New Lane
AMD,LKO,,,,,AMD-LKO ,FastMove,3369.0,408.97,,2025-05-24,2025-12-06,Urgent,Piece shake suffer way his offer listen ground.,True,False,,,New Lane
AMD,LKO,,,,,AMD-LKO,BlueDart,1828.0,23.66,Usd,2025-08-07,2026-07-11,Special handling,Final high today Congress gas left meeting.,True,False,,,New Lane
AMD,LKO,,,,,AMD-LKO,QuickShip,1926.0,442.11,usd,2025-12-12,2026-12-03,,Control if campaign rule along national.,True,False,,,New Lane
AMD,LKO,,,,,AMD-LKO,CargoMax,748.0,292.38,EURO,2025-05-31,2025-07-04,priority,Deal each even appear book talk.,True,False,,,New Lane
AMD,LKO,,,,,AMD-LKO,BlueDart,1117.0,424.58,Usd,2025-07-18,2026-06-23,Urgent,Speech close bar fund culture event support.,True,False,,,New Lane
AMD,LKO,,,,,AMD-LKO,LogiX,632.0,489.55,inr,2025-10-26,2026-04-29,check rate,Owner kid forget use.,True,False,,,New Lane
AMD,LKO,,,,,AMD-LKO,BlueDart,1117.0,424.58,Usd,2025-07-18,2026-06-23,Urgent,Speech close bar fund culture event support.,True,False,,,New Lane
AMD,NAG,,,,,AMD-NAG,BlueDart,4291.0,35.07,inr,2025-12-23,2026-05-18,,Fall product police which hope between new.,True,False,,,New Lane
AMD,NAG,,,,,AMD-NAG,CargoMax,2142.0,87.32,EURO,2025-08-01,2026-03-05,,Usually administration send sea.,True,False,,,New Lane
AMD,NAG,,,,,AMD-NAG,LogiX,4822.0,465.11,EURO,2025-11-10,2026-05-19,Urgent,On clear early save down set.,True,False,,,New Lane
AMD,NAG,,,,,AMD-NAG,BlueDart,2352.0,24.52,Usd,2025-07-14,2025-09-26,Special handling,Control people trip capital.,True,False,,,New Lane
AMD,NAG,,,,,AMD-NAG,CargoMax,4880.0,488.73,,2026-02-08,2026-04-17,,Red near policy lose season including.,True,False,,,New Lane
AMD,NAG,,,,,AMD-NAG ,LogiX,2515.0,261.06,,2025-06-30,2026-04-09,priority,Citizen half heavy see gun too.,True,False,,,New Lane
AMD,NAG,,,,,AMD-NAG,LogiX,1074.0,246.57,,2025-09-08,2026-07-05,priority,Camera professional yard close.,True,False,,,New Lane
AMD,NAG,,,,,AMD-NAG,LogiX,4190.0,476.77,INR,2025-09-03,2026-07-27,Special handling,Along ok PM affect.,True,False,,,New Lane
AMD,NAG,,,,,AMD-NAG,BlueDart,2431.0,330.77,,2025-12-23,2026-04-16,Special handling,Attorney cultural will meet establish strong.,True,False,,,New Lane
AMD,NAG,,,,,AMD-NAG,LogiX,971.0,273.03,INR,2026-05-09,2026-11-15,Urgent,Fly success through difficult career building need.,True,False,,,New Lane
AMD,NAG,,,,,AMD-NAG,LogiX,971.0,273.03,INR,2026-05-09,2026-11-15,Urgent,Fly success through difficult career building need.,True,False,,,New Lane
AMD,NAG,,,,,AMD-NAG,LogiX,4822.0,465.11,EURO,2025-11-10,2026-05-19,Urgent,On clear early save down set.,True,False,,,New Lane
AMD,NAG,,,,,AMD-NAG,LogiX,4076.0,28.83,EURO,2026-04-29,2026-06-13,Special handling,Data federal present player.,True,False,,,New Lane
AMD,NAG,,,,,AMD-NAG,QuickShip,707.0,412.24,inr,2025-12-12,2026-02-09,,Those difficult old debate floor sea.,True,False,,,New Lane
AMD,NAG,,,,,AMD-NAG,QuickShip,4812.0,335.09,usd,2026-03-31,2026-04-09,Urgent,True firm laugh off.,True,False,,,New Lane
AMD,NAG,,,,,AMD-NAG,CargoMax,1886.0,219.89,inr,2025-10-17,2026-02-04,,Claim feel two forward some writer law.,True,False,,,New Lane
AMD,NAG,,,,,AMD-NAG,CargoMax,778.0,391.88,INR,2026-02-20,2026-08-18,priority,Single analysis huge gas president.,True,False,,,New Lane
AMD,NAG,,,,,AMD-NAG ,QuickShip,3293.0,113.64,usd,2025-06-14,2025-11-12,Urgent,Protect true religious personal.,True,False,,,New Lane
AMD,NAG,,,,,AMD-NAG,BlueDart,3999.0,103.95,usd,2025-07-24,2025-07-14,Urgent,Capital few many political growth.,True,False,,,New Lane
AMD,NAG,,,,,AMD-NAG,FastMove,1511.0,190.51,,2025-06-10,2026-02-26,priority,Finally drive feeling indeed little toward.,True,False,,,New Lane
AMD,PAT,,,,,AMD-PAT,FastMove,2410.0,73.54,,2025-07-18,2025-12-29,Urgent,Actually hear responsibility material position out every.,True,False,,,New Lane
AMD,PAT,,,,,AMD-PAT,CargoMax,2216.0,370.21,Usd,2025-05-29,2025-10-04,Urgent,Business kitchen enter this.,True,False,,,New Lane
AMD,PAT,,,,,AMD-PAT,LogiX,4973.0,48.61,Usd,2025-05-27,2026-05-12,Special handling,East high probably with positive describe little.,True,False,,,New Lane
AMD,PAT,,,,,AMD-PAT,CargoMax,4052.0,238.27,EURO,2025-06-18,2025-07-03,priority,Finish provide recently by would standard tough.,True,False,,,New Lane
AMD,PAT,,,,,AMD-PAT,FastMove,1889.0,304.03,EURO,2025-07-31,2025-10-23,priority,Other nor recent design fine within general fact.,True,False,,,New Lane
AMD,PAT,,,,,AMD-PAT,LogiX,1191.0,263.1,INR,2026-02-19,2027-02-04,,Tend low six couple doctor.,True,False,,,New Lane
AMD,PAT,,,,,AMD-PAT,BlueDart,2329.0,183.08,INR,2026-04-09,2026-04-07,priority,Stay purpose money say state kind.,True,False,,,New Lane
AMD,PAT,,,,,AMD-PAT,FastMove,3372.0,335.85,usd,2025-05-24,2026-01-20,priority,Democrat fall us me over.,True,False,,,New Lane
AMD,PAT,,,,,AMD-PAT,FastMove,4850.0,404.79,usd,2025-10-12,2026-06-03,Special handling,Heavy throughout necessary onto whatever service.,True,False,,,New Lane
AMD,PAT,,,,,AMD-PAT,FastMove,1045.0,135.2,EURO,2025-11-03,2026-04-16,Urgent,Career research prevent themselves phone forward single question.,True,False,,,New Lane
AMD,PAT,,,,,AMD-PAT ,CargoMax,3997.0,409.96,EURO,2026-04-09,2027-03-23,check rate,Statement month myself school star attorney.,True,False,,,New Lane
AMD,PAT,,,,,AMD-PAT,QuickShip,4023.0,467.2,,2025-10-31,2026-09-29,priority,Rule however air several dinner success teacher.,True,False,,,New Lane
AMD,PAT,,,,,AMD-PAT,QuickShip,4358.0,393.22,usd,2026-03-14,2026-11-30,Special handling,Visit popular movement brother reason art.,True,False,,,New Lane
AMD,PAT,,,,,AMD-PAT,FastMove,1839.0,438.07,usd,2025-06-24,2025-11-10,Urgent,Player move sport north space agreement.,True,False,,,New Lane
AMD,PAT,,,,,AMD-PAT,BlueDart,2735.0,188.2,inr,2026-02-01,2026-04-26,Special handling,Prove should view tonight.,True,False,,,New Lane
AMD,PAT,,,,,AMD-PAT,LogiX,851.0,97.25,INR,2025-09-30,2026-06-19,Special handling,When investment west player do why positive.,True,False,,,New Lane
AMD,PAT,,,,,AMD-PAT,CargoMax,22640.0,310.76,,2025-10-20,2026-06-21,Urgent,Enjoy free leave include institution.,True,False,,,New Lane
AMD,PAT,,,,,AMD-PAT,QuickShip,1279.0,160.12,,2025-09-21,2026-07-26,Urgent,Hour event wait state agreement.,True,False,,,New Lane
AMD,SUR,,,,,AMD-SUR,BlueDart,2000.0,270.44,inr,2025-06-25,2026-04-20,Special handling,Reason miss television.,True,False,,,New Lane
AMD,SUR,,,,,AMD-SUR,QuickShip,3233.0,62.33,,2025-11-24,2025-11-06,,Can task nature can.,True,False,,,New Lane
AMD,SUR,,,,,AMD-SUR,CargoMax,2391.0,314.19,INR,2025-12-23,2026-04-06,priority,Office time sound.,True,False,,,New Lane
AMD,SUR,,,,,AMD-SUR,FastMove,3667.0,141.48,INR,2025-08-20,2026-04-17,Urgent,Professor Congress produce future heavy.,True,False,,,New Lane
AMD,SUR,,,,,AMD-SUR,FastMove,4755.0,59.64,inr,2026-02-19,2026-05-05,Urgent,Government board tree meet few magazine environmental cut.,True,False,,,New Lane
AMD,SUR,,,,,AMD-SUR,FastMove,1237.0,215.95,Usd,2025-07-22,2026-03-09,,Teach ball allow audience.,True,False,,,New Lane
AMD,SUR,,,,,AMD-SUR,QuickShip,1275.0,106.9,inr,2025-07-23,2025-10-15,check rate,Much drug wall recent goal.,True,False,,,New Lane
AMD,SUR,,,,,AMD-SUR,CargoMax,3623.0,192.55,EURO,2025-09-13,2026-07-27,check rate,Serious party open throw board.,True,False,,,New Lane
AMD,SUR,,,,,AMD-SUR,FastMove,4556.0,259.19,INR,2025-08-15,2025-10-29,Urgent,Day suddenly tax from truth seat media individual.,True,False,,,New Lane
AMD,SUR,,,,,AMD-SUR,QuickShip,3297.0,453.46,INR,2025-09-19,2026-03-17,check rate,Against resource imagine although nothing hour travel.,True,False,,,New Lane
AMD,SUR,,,,,AMD-SUR,LogiX,2536.0,309.55,INR,2025-05-14,2026-01-01,check rate,Reduce attorney family add reason effect.,True,False,,,New Lane
AMD,SUR,,,,,AMD-SUR,FastMove,594.0,206.07,INR,2026-04-12,2026-06-25,priority,Office nearly several social child.,True,False,,,New Lane
AMD,SUR,,,,,AMD-SUR,FastMove,2266.0,10.68,usd,2025-09-18,2026-02-03,,Answer Mrs size great suggest.,True,False,,,New Lane
AMD,SUR,,,,,AMD-SUR,FastMove,1696.0,103.06,EURO,2025-12-05,2026-10-25,,Yes office fire couple sense upon degree.,True,False,,,New Lane
AMD,SUR,,,,,AMD-SUR,BlueDart,3742.0,40.57,EURO,2025-12-25,2026-01-27,,Garden other development again discuss.,True,False,,,New Lane
AMD,SUR,,,,,AMD-SUR,BlueDart,2147.0,434.17,EURO,2025-08-24,2025-11-11,,Environmental radio late last.,True,False,,,New Lane
AMD,SUR,,,,,AMD-SUR,FastMove,2452.0,302.61,,2025-10-28,2025-11-09,Urgent,City program trouble hour subject figure teach.,True,False,,,New Lane
AMD,SUR,,,,,AMD-SUR,LogiX,1583.0,66.69,INR,2026-04-19,2026-07-26,priority,Response perhaps produce a tell compare.,True,False,,,New Lane
AMD,SUR,,,,,AMD-SUR,LogiX,61880.0,321.4,EURO,2025-06-23,2026-03-21,Special handling,Life science south let seek each.,True,False,,,New Lane
AMD,SUR,,,,,AMD-SUR,QuickShip,2281.0,134.63,Usd,2026-01-04,2026-07-17,Urgent,Kid late range prepare some.,True,False,,,New Lane
"Antwerp, BE","Tokyo, JP",SkyHigh Air,3463.1,USD,2026-04-23,,,,,,,,,,False,True,,,Removed Lane
BLR,BPL,,,,,BLR-BPL,LogiX,2472.0,210.84,,2026-03-23,2026-04-19,,Turn any foreign early coach.,True,False,,,New Lane
BLR,BPL,,,,,BLR-BPL,CargoMax,1165.0,132.05,INR,2025-05-28,2025-12-05,priority,Could reach yourself kitchen recently true south.,True,False,,,New Lane
BLR,BPL,,,,,BLR-BPL,BlueDart,1430.0,433.45,inr,2026-04-14,2027-03-09,priority,Term interview industry left.,True,False,,,New Lane
BLR,BPL,,,,,BLR-BPL,LogiX,1944.0,319.41,usd,2025-08-17,2025-07-06,,Answer now approach bed.,True,False,,,New Lane
BLR,BPL,,,,,BLR-BPL,FastMove,2006.0,148.44,Usd,2026-01-12,2026-03-28,Special handling,Company reduce require gas stage drug.,True,False,,,New Lane
BLR,BPL,,,,,BLR-BPL,BlueDart,4505.0,437.91,,2026-04-29,2027-01-17,check rate,North fill seat stock letter.,True,False,,,New Lane
BLR,BPL,,,,,BLR-BPL,LogiX,1944.0,319.41,usd,2025-08-17,2025-07-06,,Answer now approach bed.,True,False,,,New Lane
BLR,BPL,,,,,BLR-BPL,FastMove,1178.0,409.74,EURO,2026-03-26,2026-08-02,priority,Player information modern.,True,False,,,New Lane
BLR,BPL,,,,,BLR-BPL,BlueDart,2039.0,251.66,,2025-10-04,2025-11-01,Urgent,But policy threat church.,True,False,,,New Lane
BLR,BPL,,,,,BLR-BPL,LogiX,2074.0,310.0,usd,2025-10-10,2026-04-29,,Free left figure gun face.,True,False,,,New Lane
BLR,BPL,,,,,BLR-BPL,BlueDart,1020.0,302.83,usd,2025-06-23,2026-03-01,check rate,Camera while begin.,True,False,,,New Lane
BLR,BPL,,,,,BLR-BPL,BlueDart,2790.0,460.2,EURO,2026-04-13,2027-02-03,,Several dinner letter finish.,True,False,,,New Lane
BLR,BPL,,,,,BLR-BPL,LogiX,1841.0,386.57,INR,2025-08-22,2025-12-20,check rate,Prevent structure above.,True,False,,,New Lane
BLR,BPL,,,,,BLR-BPL,LogiX,2807.0,85.43,usd,2025-07-11,2026-04-23,check rate,List possible president lawyer.,True,False,,,New Lane
BLR,BPL,,,,,BLR-BPL,LogiX,3143.0,170.91,,2026-05-03,2026-05-11,,Political long one toward also.,True,False,,,New Lane
BLR,BPL,,,,,BLR-BPL,LogiX,2155.0,158.01,INR,2025-08-16,2026-02-24,Special handling,Make kitchen give personal raise break until.,True,False,,,New Lane
BLR,BPL,,,,,BLR-BPL,QuickShip,775.0,79.75,usd,2025-07-02,2026-04-10,,Operation evidence myself recognize indicate guy already.,True,False,,,New Lane
BLR,BPL,,,,,BLR-BPL,LogiX,720.0,315.28,,2025-09-11,2025-08-07,priority,General serve possible science bit audience road by.,True,False,,,New Lane
BLR,BPL,,,,,BLR-BPL,LogiX,4046.0,233.36,EURO,2026-03-24,2026-09-18,priority,Forget goal everything cut short call.,True,False,,,New Lane
BLR,BPL,,,,,BLR-BPL,QuickShip,1906.0,463.19,inr,2025-09-10,2025-09-25,check rate,Specific traditional wish goal magazine impact.,True,False,,,New Lane
BLR,BPL,,,,,BLR-BPL,LogiX,1841.0,386.57,INR,2025-08-22,2025-12-20,check rate,Prevent structure above.,True,False,,,New Lane
BLR,BPL,,,,,BLR-BPL,LogiX,10080.0,374.13,usd,2026-02-07,2026-12-28,Urgent,Long information create little value its.,True,False,,,New Lane
BLR,GOI,,,,,BLR-GOI,FastMove,2362.0,191.89,Usd,2026-02-13,2026-11-04,Urgent,Practice order whether put.,True,False,,,New Lane
BLR,GOI,,,,,BLR-GOI,CargoMax,3564.0,153.93,usd,2026-03-04,2026-01-21,priority,Suddenly central kind soldier sister car.,True,False,,,New Lane
BLR,GOI,,,,,BLR-GOI,BlueDart,4266.0,456.54,,2025-11-18,2025-11-11,Special handling,Policy pretty best save pressure.,True,False,,,New Lane
BLR,GOI,,,,,BLR-GOI,QuickShip,1578.0,125.03,EURO,2025-12-18,2026-09-18,check rate,Treatment network financial.,True,False,,,New Lane
BLR,GOI,,,,,BLR-GOI,CargoMax,4293.0,125.91,INR,2025-08-04,2025-07-22,Special handling,Lead impact one price bar.,True,False,,,New Lane
BLR,GOI,,,,,BLR-GOI,LogiX,1709.0,451.1,INR,2025-07-03,2025-06-26,,Produce worry real model growth.,True,False,,,New Lane
BLR,GOI,,,,,BLR-GOI,CargoMax,2707.0,195.75,Usd,2025-09-15,2026-02-05,,Determine film method certain most turn.,True,False,,,New Lane
BLR,GOI,,,,,BLR-GOI ,CargoMax,1902.0,109.42,EURO,2026-02-12,2026-01-13,Special handling,A adult second.,True,False,,,New Lane
BLR,GOI,,,,,BLR-GOI,CargoMax,2044.0,307.65,usd,2026-05-09,2026-10-19,,Two sing throw head go window.,True,False,,,New Lane
BLR,GOI,,,,,BLR-GOI,FastMove,3889.0,125.41,,2025-11-18,2026-09-22,check rate,Eye three west.,True,False,,,New Lane
BLR,GOI,,,,,BLR-GOI,LogiX,4993.0,199.47,EURO,2025-10-29,2026-09-26,priority,Former group range human party again per.,True,False,,,New Lane
BLR,GOI,,,,,BLR-GOI,BlueDart,2502.0,273.09,usd,2025-12-31,2026-01-30,Urgent,You fast school see push hear.,True,False,,,New Lane
BLR,GOI,,,,,BLR-GOI,QuickShip,1970.0,291.1,usd,2025-12-29,2026-08-24,check rate,House minute begin.,True,False,,,New Lane
BLR,GOI,,,,,BLR-GOI,LogiX,1657.0,417.24,Usd,2025-12-06,2026-11-06,Urgent,Paper girl century money around.,True,False,,,New Lane
BLR,GOI,,,,,BLR-GOI,FastMove,2362.0,191.89,Usd,2026-02-13,2026-11-04,Urgent,Practice order whether put.,True,False,,,New Lane
BLR,IND,,,,,BLR-IND,QuickShip,1223.0,312.61,,2025-08-13,2026-06-27,priority,Agency factor continue condition best education turn.,True,False,,,New Lane
BLR,IND,,,,,BLR-IND,BlueDart,810.0,321.96,INR,2025-09-17,2025-08-30,priority,War chair ask court television car have.,True,False,,,New Lane
BLR,IND,,,,,BLR-IND,LogiX,1140.0,195.05,inr,2025-10-17,2026-01-11,priority,Buy participant carry scene question.,True,False,,,New Lane
BLR,IND,,,,,BLR-IND,CargoMax,2780.0,124.82,INR,2025-11-06,2026-03-02,check rate,Bring of option smile.,True,False,,,New Lane
BLR,IND,,,,,BLR-IND,BlueDart,3888.0,90.25,inr,2026-01-31,2026-07-04,Urgent,Rule attack decade already seek seven century.,True,False,,,New Lane
BLR,IND,,,,,BLR-IND,LogiX,4024.0,255.08,EURO,2026-01-28,2026-12-13,,Material behavior method why school unit.,True,False,,,New Lane
BLR,IND,,,,,BLR-IND,CargoMax,3913.0,414.57,usd,2025-11-26,2026-03-21,Urgent,Program find compare them measure.,True,False,,,New Lane
BLR,IND,,,,,BLR-IND,CargoMax,4856.0,373.74,inr,2025-10-06,2026-09-19,,Raise amount compare environment.,True,False,,,New Lane
BLR,IND,,,,,BLR-IND,BlueDart,612.0,187.82,inr,2025-09-02,2025-09-12,check rate,Main public assume body specific.,True,False,,,New Lane
BLR,IND,,,,,BLR-IND,FastMove,2182.0,295.1,,2025-05-29,2025-12-02,,Everybody chair make effect career clear network course.,True,False,,,New Lane
BLR,JPR,,,,,BLR-JPR,LogiX,3867.0,379.78,Usd,2026-02-07,2026-01-31,,Unit research begin may career song job.,True,False,,,New Lane
BLR,JPR,,,,,BLR-JPR,LogiX,2886.0,135.36,inr,2025-11-14,2025-11-02,Special handling,Major well kitchen myself recent project unit.,True,False,,,New Lane
BLR,JPR,,,,,BLR-JPR,FastMove,1922.0,198.92,,2025-10-10,2026-01-07,,They this when activity station short season.,True,False,,,New Lane
BLR,JPR,,,,,BLR-JPR,CargoMax,3015.0,293.54,Usd,2025-12-17,2026-01-18,Urgent,Performance together go voice religious.,True,False,,,New Lane
BLR,JPR,,,,,BLR-JPR,CargoMax,3015.0,293.54,Usd,2025-12-17,2026-01-18,Urgent,Performance together go voice religious.,True,False,,,New Lane
BLR,JPR,,,,,BLR-JPR,FastMove,2169.0,82.84,INR,2025-06-03,2026-05-20,check rate,Figure fire trial those page knowledge.,True,False,,,New Lane
BLR,JPR,,,,,BLR-JPR,LogiX,2269.0,399.88,Usd,2025-12-02,2026-10-22,Urgent,Entire every may save less.,True,False,,,New Lane
BLR,JPR,,,,,BLR-JPR,QuickShip,1730.0,386.32,inr,2025-06-10,2025-07-04,,Protect produce step.,True,False,,,New Lane
BLR,JPR,,,,,BLR-JPR,BlueDart,3919.0,356.11,EURO,2025-09-06,2026-02-09,,Section seem air agent young.,True,False,,,New Lane
BLR,JPR,,,,,BLR-JPR,FastMove,2249.0,150.26,inr,2026-02-05,2027-02-01,,Daughter half design increase blood quality.,True,False,,,New Lane
BLR,JPR,,,,,BLR-JPR,LogiX,3003.0,169.3,inr,2025-11-09,2026-01-25,,Simply a house direction fast middle art.,True,False,,,New Lane
BLR,JPR,,,,,BLR-JPR,LogiX,1278.0,119.16,Usd,2026-02-03,2026-04-24,Urgent,Perform city character specific there then.,True,False,,,New Lane
BLR,JPR,,,,,BLR-JPR,FastMove,4491.0,261.37,usd,2025-10-11,2025-10-25,priority,Experience just world until billion.,True,False,,,New Lane
BLR,JPR,,,,,BLR-JPR,BlueDart,4018.0,199.16,Usd,2025-10-30,2026-05-27,,Protect level could admit their market activity believe.,True,False,,,New Lane
BLR,JPR,,,,,BLR-JPR,QuickShip,2292.0,166.42,INR,2025-08-03,2025-07-20,,Long business strategy message decade program.,True,False,,,New Lane
BLR,JPR,,,,,BLR-JPR,FastMove,1618.0,230.55,INR,2026-05-11,2027-03-20,,Natural what model mind now deal type.,True,False,,,New Lane
BLR,JPR,,,,,BLR-JPR,FastMove,4359.0,24.07,Usd,2025-12-03,2026-06-06,Urgent,Issue else it tree.,True,False,,,New Lane
BLR,JPR,,,,,BLR-JPR,LogiX,4197.0,18.73,EURO,2025-10-02,2026-04-16,check rate,Per this many trip trade.,True,False,,,New Lane
BLR,JPR,,,,,BLR-JPR,QuickShip,4894.0,434.81,INR,2025-08-19,2025-08-24,Special handling,Scene human mind.,True,False,,,New Lane
BLR,JPR,,,,,BLR-JPR,QuickShip,4265.0,487.38,Usd,2026-04-08,2026-04-27,Special handling,Teacher radio report join sister clear surface.,True,False,,,New Lane
BLR,JPR,,,,,BLR-JPR,LogiX,1049.0,385.02,,2025-05-27,2025-05-18,Urgent,Project choice increase interesting back.,True,False,,,New Lane
BLR,LKO,,,,,BLR-LKO,QuickShip,2293.0,462.59,usd,2025-11-17,2026-08-10,,Impact TV half than evening against career.,True,False,,,New Lane
BLR,LKO,,,,,BLR-LKO,QuickShip,4106.0,36.67,,2026-02-09,2027-01-01,priority,Seven all organization soon each.,True,False,,,New Lane
BLR,LKO,,,,,BLR-LKO,FastMove,2226.0,294.98,usd,2026-04-21,2026-12-22,check rate,Indeed set similar.,True,False,,,New Lane
BLR,LKO,,,,,BLR-LKO ,CargoMax,3728.0,209.49,usd,2025-05-26,2025-06-28,Urgent,Blue American green eye.,True,False,,,New Lane
BLR,LKO,,,,,BLR-LKO,FastMove,919.0,257.2,,2025-06-19,2025-06-26,check rate,Send view society always.,True,False,,,New Lane
BLR,LKO,,,,,BLR-LKO,FastMove,3326.0,234.78,INR,2025-12-14,2026-11-06,Special handling,Half protect every less think.,True,False,,,New Lane
BLR,LKO,,,,,BLR-LKO,FastMove,4038.0,428.48,usd,2025-08-31,2026-02-21,,Activity time form but way must.,True,False,,,New Lane
BLR,LKO,,,,,BLR-LKO,QuickShip,1156.0,329.48,,2025-08-09,2025-12-18,Urgent,Unit figure every would never outside.,True,False,,,New Lane
BLR,LKO,,,,,BLR-LKO,LogiX,2021.0,16.12,,2025-09-23,2026-03-13,,Defense series various great must return when.,True,False,,,New Lane
BLR,LKO,,,,,BLR-LKO,QuickShip,3920.0,395.21,,2025-10-16,2025-10-29,,Tax change lead one.,True,False,,,New Lane
BLR,LKO,,,,,BLR-LKO,FastMove,1115.0,191.3,Usd,2025-11-05,2026-09-13,priority,Industry happy crime your travel table owner.,True,False,,,New Lane
BLR,LKO,,,,,BLR-LKO,BlueDart,3869.0,53.43,inr,2026-04-02,2027-02-02,,Data old choose ok condition.,True,False,,,New Lane
BLR,LKO,,,,,BLR-LKO,FastMove,4669.0,358.8,usd,2025-12-29,2026-04-26,,Risk play sport water.,True,False,,,New Lane
BLR,LKO,,,,,BLR-LKO,BlueDart,1712.0,198.62,inr,2025-12-22,2025-12-12,Special handling,Give own keep far record contain where case.,True,False,,,New Lane
BLR,LKO,,,,,BLR-LKO,LogiX,3227.0,105.01,Usd,2026-03-11,2026-09-25,,Body recognize join.,True,False,,,New Lane
BLR,LKO,,,,,BLR-LKO,QuickShip,4089.0,220.6,usd,2026-05-13,2026-08-02,priority,List evening four.,True,False,,,New Lane
BLR,LKO,,,,,BLR-LKO,FastMove,4038.0,428.48,usd,2025-08-31,2026-02-21,,Activity time form but way must.,True,False,,,New Lane
BLR,LKO,,,,,BLR-LKO,FastMove,4986.0,479.85,,2025-07-11,2025-07-15,check rate,What three action do through visit stay.,True,False,,,New Lane
BLR,LKO,,,,,BLR-LKO,LogiX,3072.0,261.4,EURO,2026-03-14,2026-10-01,priority,Goal little experience.,True,False,,,New Lane
BLR,LKO,,,,,BLR-LKO,FastMove,4038.0,428.48,usd,2025-08-31,2026-02-21,,Activity time form but way must.,True,False,,,New Lane
BLR,LKO,,,,,BLR-LKO,LogiX,3670.0,201.73,Usd,2026-03-26,2026-08-07,,Free actually word level child outside need.,True,False,,,New Lane
BLR,LKO,,,,,BLR-LKO,BlueDart,1482.0,32.99,EURO,2025-12-29,2025-12-12,Special handling,Happy oil who manage more world.,True,False,,,New Lane
BLR,NAG,,,,,BLR-NAG,QuickShip,4980.0,444.21,,2026-02-25,2026-04-19,Urgent,Lot live view other wide.,True,False,,,New Lane
BLR,NAG,,,,,BLR-NAG,BlueDart,4860.0,43.23,inr,2026-03-08,2026-04-26,,Where political power pay door type call.,True,False,,,New Lane
BLR,NAG,,,,,BLR-NAG,BlueDart,2302.0,451.39,usd,2026-01-01,2026-07-05,check rate,Common seat law someone.,True,False,,,New Lane
BLR,NAG,,,,,BLR-NAG,FastMove,1651.0,208.22,inr,2025-06-13,2025-12-14,Special handling,Half important tend late lot.,True,False,,,New Lane
BLR,NAG,,,,,BLR-NAG,LogiX,4476.0,222.8,inr,2025-09-10,2026-01-17,,National research agency.,True,False,,,New Lane
BLR,NAG,,,,,BLR-NAG,BlueDart,1857.0,83.32,INR,2026-01-29,2026-03-20,,Throw budget finish foot human risk often.,True,False,,,New Lane
BLR,NAG,,,,,BLR-NAG,BlueDart,3876.0,99.56,usd,2025-05-29,2025-11-02,priority,Other involve perform including small north often.,True,False,,,New Lane
BLR,NAG,,,,,BLR-NAG,BlueDart,3738.0,195.2,EURO,2025-11-07,2026-03-28,,State cell try accept season cover.,True,False,,,New Lane
BLR,NAG,,,,,BLR-NAG,QuickShip,2008.0,476.81,,2025-09-23,2026-09-12,,Hour possible news last.,True,False,,,New Lane
BLR,NAG,,,,,BLR-NAG,CargoMax,2693.0,296.02,inr,2025-06-20,2026-03-08,Special handling,Decision yet they best picture material big size.,True,False,,,New Lane
BLR,NAG,,,,,BLR-NAG ,QuickShip,3660.0,69.92,usd,2025-06-13,2025-11-11,priority,Force must check serve thousand bed.,True,False,,,New Lane
BLR,NAG,,,,,BLR-NAG,BlueDart,4913.0,204.8,EURO,2025-06-22,2025-05-26,,Have field friend rule find thousand herself.,True,False,,,New Lane
BLR,NAG,,,,,BLR-NAG,LogiX,3755.0,252.24,INR,2025-08-05,2026-01-27,Special handling,Sister institution force.,True,False,,,New Lane
BLR,NAG,,,,,BLR-NAG,BlueDart,4860.0,43.23,inr,2026-03-08,2026-04-26,,Where political power pay door type call.,True,False,,,New Lane
BLR,NAG,,,,,BLR-NAG,LogiX,4902.0,245.97,Usd,2025-10-02,2026-05-08,priority,Soldier TV lot offer form must three.,True,False,,,New Lane
BLR,NAG,,,,,BLR-NAG,BlueDart,3079.0,317.55,EURO,2025-11-13,2026-04-10,check rate,Development behavior surface best world alone western.,True,False,,,New Lane
BLR,PAT,,,,,BLR-PAT,LogiX,3104.0,141.51,,2026-02-20,2026-03-17,priority,Pm against development more newspaper.,True,False,,,New Lane
BLR,PAT,,,,,BLR-PAT,LogiX,3097.0,461.05,EURO,2025-12-26,2026-12-13,Special handling,Include change claim man back later fire.,True,False,,,New Lane
BLR,PAT,,,,,BLR-PAT ,LogiX,4807.0,484.82,Usd,2026-04-08,2026-12-08,,Along unit want let.,True,False,,,New Lane
BLR,PAT,,,,,BLR-PAT,CargoMax,1285.0,239.21,usd,2026-04-19,2026-03-29,,Once couple tonight according.,True,False,,,New Lane
BLR,PAT,,,,,BLR-PAT,FastMove,1405.0,406.75,usd,2025-09-14,2026-01-29,check rate,Enjoy anything control yet change investment generation.,True,False,,,New Lane
BLR,PAT,,,,,BLR-PAT,CargoMax,1924.0,67.88,,2025-12-26,2026-03-28,,Social foot whose forget easy life night.,True,False,,,New Lane
BLR,PAT,,,,,BLR-PAT,FastMove,4560.0,254.88,usd,2025-07-21,2026-02-15,Special handling,Partner theory item low describe.,True,False,,,New Lane
BLR,PAT,,,,,BLR-PAT ,BlueDart,2099.0,224.44,inr,2026-02-01,2026-06-05,Urgent,Fear as even project forget information.,True,False,,,New Lane
BLR,PAT,,,,,BLR-PAT ,BlueDart,2099.0,224.44,inr,2026-02-01,2026-06-05,Urgent,Fear as even project forget information.,True,False,,,New Lane
BLR,PAT,,,,,BLR-PAT,BlueDart,1104.0,294.55,,2025-08-21,2026-07-25,Urgent,Memory either economy expect democratic white.,True,False,,,New Lane
BLR,PAT,,,,,BLR-PAT,LogiX,1163.0,306.72,EURO,2025-11-21,2026-03-11,,Hot direction tax side.,True,False,,,New Lane
BLR,PAT,,,,,BLR-PAT,CargoMax,4959.0,29.41,EURO,2025-08-13,2026-02-15,,He hair many blood event require assume past.,True,False,,,New Lane
BLR,PAT,,,,,BLR-PAT,LogiX,504.0,122.02,INR,2026-01-21,2026-10-25,check rate,Under clear pressure under pull.,True,False,,,New Lane
BLR,PAT,,,,,BLR-PAT,BlueDart,3918.0,33.86,EURO,2025-06-15,2026-04-03,Special handling,Officer oil use music anything.,True,False,,,New Lane
BLR,PAT,,,,,BLR-PAT,CargoMax,1886.0,265.02,,2026-05-05,2026-11-17,,Us audience continue.,True,False,,,New Lane
BLR,PAT,,,,,BLR-PAT,CargoMax,2078.0,248.49,,2025-09-24,2026-04-07,priority,Trip line man weight change.,True,False,,,New Lane
BLR,PAT,,,,,BLR-PAT,LogiX,4097.0,215.44,Usd,2026-03-04,2026-11-14,Urgent,Enough good price sound provide.,True,False,,,New Lane
BLR,PAT,,,,,BLR-PAT ,LogiX,4807.0,484.82,Usd,2026-04-08,2026-12-08,,Along unit want let.,True,False,,,New Lane
BLR,PAT,,,,,BLR-PAT,LogiX,3104.0,141.51,,2026-02-20,2026-03-17,priority,Pm against development more newspaper.,True,False,,,New Lane
BLR,SUR,,,,,BLR-SUR,LogiX,4555.0,453.98,INR,2026-03-11,2026-06-04,Special handling,Shake during enough together region place.,True,False,,,New Lane
BLR,SUR,,,,,BLR-SUR ,FastMove,3922.0,407.76,usd,2025-07-12,2025-08-19,Urgent,Them public remember this.,True,False,,,New Lane
BLR,SUR,,,,,BLR-SUR,LogiX,2561.0,317.49,Usd,2025-12-28,2026-08-14,Special handling,Teacher ball security enough girl agent both.,True,False,,,New Lane
BLR,SUR,,,,,BLR-SUR,BlueDart,3796.0,308.39,EURO,2026-04-02,2026-08-12,priority,Music summer receive go room my recently apply.,True,False,,,New Lane
BLR,SUR,,,,,BLR-SUR,QuickShip,587.0,412.58,Usd,2025-10-29,2026-08-26,Special handling,Will else why meeting.,True,False,,,New Lane
BLR,SUR,,,,,BLR-SUR,QuickShip,1387.0,334.52,Usd,2026-01-27,2026-02-25,Urgent,Particular add social.,True,False,,,New Lane
BLR,SUR,,,,,BLR-SUR,CargoMax,4950.0,170.36,Usd,2025-12-10,2026-10-22,check rate,Include half owner hand argue let.,True,False,,,New Lane
BLR,SUR,,,,,BLR-SUR,QuickShip,938.0,233.35,Usd,2026-02-11,2026-02-04,Urgent,Somebody nothing compare account water word.,True,False,,,New Lane
BLR,SUR,,,,,BLR-SUR,FastMove,2292.0,93.13,INR,2025-09-06,2026-04-12,,North common wish staff treatment forward.,True,False,,,New Lane
BLR,SUR,,,,,BLR-SUR,LogiX,3382.0,375.47,inr,2025-11-04,2026-09-25,priority,Entire budget then condition lot college.,True,False,,,New Lane
BLR,SUR,,,,,BLR-SUR,BlueDart,1093.0,458.78,inr,2025-05-14,2025-05-21,check rate,I key religious threat necessary official late.,True,False,,,New Lane
BLR,SUR,,,,,BLR-SUR,FastMove,2956.0,369.85,,2026-05-13,2026-06-02,,System television until help.,True,False,,,New Lane
BLR,SUR,,,,,BLR-SUR,CargoMax,1511.0,193.72,Usd,2026-03-17,2026-04-28,,Herself couple former social economic money.,True,False,,,New Lane
CHE,BPL,,,,,CHE-BPL,QuickShip,2353.0,294.18,usd,2025-05-15,2026-04-24,Urgent,Majority market half recognize because old read themselves.,True,False,,,New Lane
CHE,BPL,,,,,CHE-BPL,CargoMax,2042.0,25.42,,2025-07-12,2026-03-05,Special handling,Decide mouth television necessary believe sister painting.,True,False,,,New Lane
CHE,BPL,,,,,CHE-BPL,BlueDart,2532.0,388.23,inr,2025-11-16,2026-09-01,Urgent,Also low bad least produce.,True,False,,,New Lane
CHE,BPL,,,,,CHE-BPL,LogiX,4785.0,409.32,Usd,2025-11-23,2025-11-06,check rate,Understand because role girl mother.,True,False,,,New Lane
CHE,BPL,,,,,CHE-BPL,BlueDart,1321.0,279.96,usd,2025-09-17,2025-09-07,,Town early suffer easy.,True,False,,,New Lane
CHE,BPL,,,,,CHE-BPL,LogiX,17100.0,259.89,Usd,2025-07-18,2026-01-17,Urgent,Along thing war find most as.,True,False,,,New Lane
CHE,BPL,,,,,CHE-BPL,QuickShip,58660.0,185.44,EURO,2025-11-23,2026-07-31,Special handling,Hope strategy meeting last both foot draw.,True,False,,,New Lane
CHE,BPL,,,,,CHE-BPL,CargoMax,1467.0,318.96,inr,2025-10-19,2025-11-18,,Expect event police plan third one worker.,True,False,,,New Lane
CHE,BPL,,,,,CHE-BPL,LogiX,1922.0,399.97,inr,2025-05-26,2025-12-07,,Success move chance.,True,False,,,New Lane
CHE,BPL,,,,,CHE-BPL,LogiX,1172.0,431.0,EURO,2026-05-03,2026-11-28,,Everybody month phone current money training oil.,True,False,,,New Lane
CHE,BPL,,,,,CHE-BPL,CargoMax,3433.0,140.77,usd,2025-12-21,2026-11-09,priority,Look enjoy term community large.,True,False,,,New Lane
CHE,BPL,,,,,CHE-BPL,LogiX,1172.0,431.0,EURO,2026-05-03,2026-11-28,,Everybody month phone current money training oil.,True,False,,,New Lane
CHE,BPL,,,,,CHE-BPL ,LogiX,2534.0,402.89,Usd,2025-06-25,2026-01-22,Special handling,Wrong his four contain.,True,False,,,New Lane
CHE,BPL,,,,,CHE-BPL,CargoMax,2077.0,427.48,,2025-10-31,2025-11-23,check rate,Break day nation whole professional participant collection.,True,False,,,New Lane
CHE,GOI,,,,,CHE-GOI,LogiX,90220.0,281.42,EURO,2025-09-28,2025-12-12,check rate,Top center throughout expert.,True,False,,,New Lane
CHE,GOI,,,,,CHE-GOI,CargoMax,1606.0,423.36,Usd,2025-11-28,2026-07-31,,Politics enjoy similar easy meeting.,True,False,,,New Lane
CHE,GOI,,,,,CHE-GOI,CargoMax,2659.0,267.79,INR,2025-08-04,2026-05-16,Urgent,Remain modern leg.,True,False,,,New Lane
CHE,GOI,,,,,CHE-GOI,BlueDart,934.0,121.66,inr,2025-06-17,2026-04-07,,Large throughout move away hour.,True,False,,,New Lane
CHE,GOI,,,,,CHE-GOI,QuickShip,3847.0,107.9,,2025-12-01,2026-01-12,,Public scientist year middle act site American if.,True,False,,,New Lane
CHE,GOI,,,,,CHE-GOI,BlueDart,2448.0,57.2,,2025-06-18,2026-06-04,,Left already every town admit.,True,False,,,New Lane
CHE,GOI,,,,,CHE-GOI,FastMove,4346.0,108.88,,2026-02-24,2026-11-01,Special handling,Middle however evidence wall.,True,False,,,New Lane
CHE,GOI,,,,,CHE-GOI,CargoMax,3883.0,346.27,inr,2026-02-22,2027-01-09,check rate,Of fire evening skill religious economic.,True,False,,,New Lane
CHE,GOI,,,,,CHE-GOI,QuickShip,3847.0,107.9,,2025-12-01,2026-01-12,,Public scientist year middle act site American if.,True,False,,,New Lane
CHE,GOI,,,,,CHE-GOI,CargoMax,4878.0,161.51,,2026-03-15,2027-02-14,check rate,Physical college simple institution something.,True,False,,,New Lane
CHE,GOI,,,,,CHE-GOI,FastMove,3915.0,108.44,Usd,2026-01-03,2025-12-31,,Send city tree space figure prove.,True,False,,,New Lane
CHE,GOI,,,,,CHE-GOI,QuickShip,1328.0,322.57,usd,2026-02-02,2026-06-04,priority,Bank radio eight billion.,True,False,,,New Lane
CHE,IND,,,,,CHE-IND,LogiX,3843.0,122.22,,2025-08-18,2026-05-05,priority,Good anything now home politics.,True,False,,,New Lane
CHE,IND,,,,,CHE-IND,FastMove,4481.0,438.25,EURO,2026-04-22,2027-03-13,Urgent,Live soon push into ask this.,True,False,,,New Lane
CHE,IND,,,,,CHE-IND,BlueDart,99960.0,285.64,,2025-08-04,2025-07-21,priority,Character deal clearly poor whether tough.,True,False,,,New Lane
CHE,IND,,,,,CHE-IND,QuickShip,1984.0,153.2,Usd,2025-05-20,2025-12-08,,Citizen international food home beyond network leave.,True,False,,,New Lane
CHE,IND,,,,,CHE-IND,QuickShip,2322.0,234.09,EURO,2026-05-12,2026-08-23,priority,Stay research magazine argue camera present decade.,True,False,,,New Lane
CHE,IND,,,,,CHE-IND,CargoMax,3977.0,276.33,usd,2025-08-21,2026-07-12,check rate,Civil however here approach director floor second.,True,False,,,New Lane
CHE,IND,,,,,CHE-IND,CargoMax,3561.0,184.41,,2026-03-17,2026-11-19,Urgent,Media movie success mean beat certainly manager.,True,False,,,New Lane
CHE,IND,,,,,CHE-IND,BlueDart,3502.0,220.74,inr,2026-02-26,2026-07-05,Urgent,Stay rock me box ten.,True,False,,,New Lane
CHE,IND,,,,,CHE-IND,FastMove,3175.0,78.33,inr,2026-01-05,2026-11-28,Urgent,Gun cover detail system she few him.,True,False,,,New Lane
CHE,IND,,,,,CHE-IND,BlueDart,4341.0,279.61,EURO,2025-09-21,2025-09-22,Urgent,Tax unit cost others spring almost avoid democratic.,True,False,,,New Lane
CHE,IND,,,,,CHE-IND,QuickShip,2322.0,234.09,EURO,2026-05-12,2026-08-23,priority,Stay research magazine argue camera present decade.,True,False,,,New Lane
CHE,IND,,,,,CHE-IND,BlueDart,4727.0,388.07,EURO,2025-10-03,2026-04-09,check rate,Second picture it could lot Mr.,True,False,,,New Lane
CHE,IND,,,,,CHE-IND,QuickShip,2727.0,412.56,,2025-10-20,2026-03-16,Urgent,Talk leg actually executive during artist investment.,True,False,,,New Lane
CHE,IND,,,,,CHE-IND,CargoMax,2247.0,346.52,,2026-05-02,2026-12-15,,To animal history poor true Mrs hit property.,True,False,,,New Lane
CHE,IND,,,,,CHE-IND,BlueDart,1608.0,167.99,,2025-12-12,2026-04-11,Special handling,Stage executive force local less.,True,False,,,New Lane
CHE,IND,,,,,CHE-IND,QuickShip,2317.0,457.88,EURO,2025-09-05,2026-08-28,,Development kitchen serve live standard.,True,False,,,New Lane
CHE,IND,,,,,CHE-IND,QuickShip,815.0,172.42,inr,2025-07-07,2025-05-18,check rate,Though act look century stock high build.,True,False,,,New Lane
CHE,IND,,,,,CHE-IND,FastMove,2281.0,48.82,EURO,2025-08-09,2025-11-01,Special handling,Provide left garden offer.,True,False,,,New Lane
CHE,IND,,,,,CHE-IND,BlueDart,3502.0,220.74,inr,2026-02-26,2026-07-05,Urgent,Stay rock me box ten.,True,False,,,New Lane
CHE,IND,,,,,CHE-IND,LogiX,2893.0,468.08,usd,2025-05-16,2026-01-10,,Without much head listen exactly.,True,False,,,New Lane
CHE,IND,,,,,CHE-IND,BlueDart,3305.0,237.33,EURO,2025-05-31,2026-05-17,Urgent,Start score meet middle order pretty his.,True,False,,,New Lane
CHE,IND,,,,,CHE-IND,FastMove,3942.0,300.95,usd,2025-12-23,2026-03-07,check rate,Event police quality newspaper true collection.,True,False,,,New Lane
CHE,JPR,,,,,CHE-JPR,LogiX,3550.0,304.05,,2026-01-29,2026-10-04,Urgent,Body pick reality alone Congress little light.,True,False,,,New Lane
CHE,JPR,,,,,CHE-JPR,BlueDart,3000.0,114.65,,2025-12-08,2026-07-10,check rate,Guy could class how threat never.,True,False,,,New Lane
CHE,JPR,,,,,CHE-JPR,FastMove,3683.0,200.39,usd,2026-02-10,2026-12-21,Special handling,Second question record.,True,False,,,New Lane
CHE,JPR,,,,,CHE-JPR,BlueDart,4604.0,77.47,,2025-12-24,2025-11-29,,Office list whole your dinner gun soon.,True,False,,,New Lane
CHE,JPR,,,,,CHE-JPR,CargoMax,4376.0,39.73,EURO,2026-02-27,2026-08-21,Special handling,Will decade image.,True,False,,,New Lane
CHE,JPR,,,,,CHE-JPR,CargoMax,4145.0,141.02,,2025-06-09,2025-07-26,priority,Idea blue personal shake four per plan tough.,True,False,,,New Lane
CHE,JPR,,,,,CHE-JPR,BlueDart,1395.0,62.6,EURO,2026-04-29,2026-11-04,Special handling,Church where pressure maintain make interview watch.,True,False,,,New Lane
CHE,JPR,,,,,CHE-JPR,LogiX,1179.0,40.87,EURO,2025-12-21,2026-04-27,Special handling,Several clear fall five.,True,False,,,New Lane
CHE,JPR,,,,,CHE-JPR,CargoMax,1724.0,430.68,usd,2025-06-23,2026-03-13,priority,Although despite clearly.,True,False,,,New Lane
CHE,JPR,,,,,CHE-JPR,LogiX,4565.0,256.07,usd,2026-02-20,2026-11-21,Urgent,Deep later management industry.,True,False,,,New Lane
CHE,JPR,,,,,CHE-JPR,QuickShip,866.0,453.16,usd,2026-02-27,2026-05-03,Urgent,Describe fall toward color mind care character over.,True,False,,,New Lane
CHE,JPR,,,,,CHE-JPR,QuickShip,3865.0,368.21,Usd,2025-07-02,2025-09-30,priority,Soldier speech bar learn.,True,False,,,New Lane
CHE,JPR,,,,,CHE-JPR,FastMove,1426.0,323.99,inr,2025-10-02,2026-08-20,,Stay concern city.,True,False,,,New Lane
CHE,JPR,,,,,CHE-JPR,BlueDart,4154.0,367.58,Usd,2026-03-03,2026-02-05,,College Democrat worry letter suffer.,True,False,,,New Lane
CHE,JPR,,,,,CHE-JPR,LogiX,1265.0,205.29,,2025-12-03,2025-11-08,check rate,Sit kitchen material stay budget.,True,False,,,New Lane
CHE,LKO,,,,,CHE-LKO ,FastMove,2784.0,265.84,usd,2025-07-18,2025-12-01,priority,Safe really music hold term level call already.,True,False,,,New Lane
CHE,LKO,,,,,CHE-LKO,LogiX,2260.0,159.96,inr,2025-09-06,2025-10-26,,Mother adult able room.,True,False,,,New Lane
CHE,LKO,,,,,CHE-LKO,CargoMax,2816.0,457.34,EURO,2025-10-04,2026-06-26,Special handling,Environmental authority ok fight local describe.,True,False,,,New Lane
CHE,LKO,,,,,CHE-LKO,CargoMax,3376.0,143.76,EURO,2025-06-19,2025-05-05,Special handling,Language perhaps ahead specific.,True,False,,,New Lane
CHE,LKO,,,,,CHE-LKO,CargoMax,1016.0,180.27,Usd,2025-06-15,2025-04-29,check rate,Right movie trade man.,True,False,,,New Lane
CHE,LKO,,,,,CHE-LKO,FastMove,3468.0,28.86,Usd,2026-03-15,2026-07-16,,Region close compare rather often note.,True,False,,,New Lane
CHE,LKO,,,,,CHE-LKO,LogiX,1530.0,365.92,inr,2025-08-21,2026-04-20,Special handling,Which go stock financial program mention.,True,False,,,New Lane
CHE,LKO,,,,,CHE-LKO,CargoMax,669.0,397.23,Usd,2026-02-04,2026-12-27,,Network look specific on executive.,True,False,,,New Lane
CHE,LKO,,,,,CHE-LKO,CargoMax,69180.0,93.4,,2026-04-07,2027-01-06,Urgent,Pick including loss local.,True,False,,,New Lane
CHE,LKO,,,,,CHE-LKO,QuickShip,3418.0,271.29,,2025-05-18,2025-08-07,check rate,Region would network trade surface.,True,False,,,New Lane
CHE,LKO,,,,,CHE-LKO,FastMove,3562.0,351.63,usd,2025-07-16,2025-07-31,Urgent,Teacher stuff character the decide then sit.,True,False,,,New Lane
CHE,LKO,,,,,CHE-LKO,BlueDart,2140.0,43.63,EURO,2025-12-03,2026-11-27,Special handling,Many throughout measure remain service floor.,True,False,,,New Lane
CHE,LKO,,,,,CHE-LKO,QuickShip,2459.0,358.4,,2025-05-31,2025-08-26,,Human support range clear leg.,True,False,,,New Lane
CHE,LKO,,,,,CHE-LKO,CargoMax,3376.0,143.76,EURO,2025-06-19,2025-05-05,Special handling,Language perhaps ahead specific.,True,False,,,New Lane
CHE,LKO,,,,,CHE-LKO,BlueDart,50880.0,439.63,INR,2025-09-24,2026-01-20,Urgent,Skin strong himself dog share wonder give.,True,False,,,New Lane
CHE,LKO,,,,,CHE-LKO,BlueDart,4445.0,396.63,INR,2026-01-22,2026-02-09,Urgent,Three inside majority business.,True,False,,,New Lane
CHE,LKO,,,,,CHE-LKO,LogiX,3295.0,172.27,Usd,2026-04-30,2026-09-16,check rate,Almost money pressure.,True,False,,,New Lane
CHE,LKO,,,,,CHE-LKO,FastMove,1353.0,414.65,usd,2026-04-03,2026-10-08,Special handling,Water follow argue offer space accept.,True,False,,,New Lane
CHE,LKO,,,,,CHE-LKO,FastMove,4478.0,66.89,INR,2026-04-10,2026-05-09,Special handling,Summer stand couple project focus five action.,True,False,,,New Lane
CHE,LKO,,,,,CHE-LKO,BlueDart,63100.0,271.82,Usd,2025-09-28,2026-05-20,check rate,Former seek again safe number.,True,False,,,New Lane
CHE,LKO,,,,,CHE-LKO,LogiX,3032.0,352.69,INR,2026-02-28,2026-10-02,,Notice hope add new conference.,True,False,,,New Lane
CHE,LKO,,,,,CHE-LKO,FastMove,3718.0,224.07,usd,2026-01-07,2026-03-26,Special handling,Conference light site.,True,False,,,New Lane
CHE,NAG,,,,,CHE-NAG,LogiX,2162.0,471.02,Usd,2026-03-29,2026-07-12,Special handling,Rock environmental west forward cold.,True,False,,,New Lane
CHE,NAG,,,,,CHE-NAG,FastMove,2260.0,161.4,Usd,2025-10-04,2026-09-06,Urgent,Leave north year center thing.,True,False,,,New Lane
CHE,NAG,,,,,CHE-NAG,LogiX,4095.0,298.03,usd,2025-06-07,2026-01-01,Special handling,First follow key capital.,True,False,,,New Lane
CHE,NAG,,,,,CHE-NAG,BlueDart,1909.0,285.38,INR,2025-12-04,2026-08-04,priority,Move interesting resource exactly those speak benefit.,True,False,,,New Lane
CHE,NAG,,,,,CHE-NAG ,LogiX,2052.0,214.5,usd,2025-07-12,2025-07-24,Special handling,Relate interesting wear difference and lay theory.,True,False,,,New Lane
CHE,NAG,,,,,CHE-NAG,BlueDart,2290.0,106.97,INR,2025-10-07,2026-03-24,check rate,Concern class gas.,True,False,,,New Lane
CHE,NAG,,,,,CHE-NAG,BlueDart,2119.0,188.5,usd,2025-09-22,2026-04-13,Urgent,Only choose middle performance position across always.,True,False,,,New Lane
CHE,NAG,,,,,CHE-NAG,CargoMax,930.0,13.09,usd,2025-09-17,2026-05-13,Special handling,Computer court final lead support themselves.,True,False,,,New Lane
CHE,NAG,,,,,CHE-NAG,FastMove,1987.0,244.56,usd,2025-06-19,2026-01-30,,Full enough place very decision series parent.,True,False,,,New Lane
CHE,NAG,,,,,CHE-NAG,FastMove,2260.0,161.4,Usd,2025-10-04,2026-09-06,Urgent,Leave north year center thing.,True,False,,,New Lane
CHE,NAG,,,,,CHE-NAG ,LogiX,2052.0,214.5,usd,2025-07-12,2025-07-24,Special handling,Relate interesting wear difference and lay theory.,True,False,,,New Lane
CHE,NAG,,,,,CHE-NAG,LogiX,4097.0,226.22,usd,2025-10-27,2026-08-15,Special handling,Water play theory end fall magazine church clear.,True,False,,,New Lane
CHE,NAG,,,,,CHE-NAG,QuickShip,3596.0,112.2,,2025-05-24,2026-01-29,,Describe much mouth response investment economic.,True,False,,,New Lane
CHE,NAG,,,,,CHE-NAG,BlueDart,3595.0,22.7,inr,2025-09-21,2026-03-14,priority,Long our grow.,True,False,,,New Lane
CHE,NAG,,,,,CHE-NAG,QuickShip,2077.0,183.2,inr,2025-10-29,2026-06-07,Special handling,Describe weight what charge memory.,True,False,,,New Lane
CHE,PAT,,,,,CHE-PAT,QuickShip,3188.0,300.31,inr,2025-10-01,2026-05-14,,Time Republican pay born sign security.,True,False,,,New Lane
CHE,PAT,,,,,CHE-PAT,FastMove,3214.0,89.09,usd,2025-11-03,2026-08-06,Urgent,Why hand poor deep position.,True,False,,,New Lane
CHE,PAT,,,,,CHE-PAT,QuickShip,4724.0,175.47,Usd,2025-08-14,2025-10-09,,Miss direction floor girl guy Mrs can.,True,False,,,New Lane
CHE,PAT,,,,,CHE-PAT,FastMove,863.0,61.45,EURO,2025-12-30,2025-12-23,Urgent,Peace according fall special say.,True,False,,,New Lane
CHE,PAT,,,,,CHE-PAT,QuickShip,2834.0,222.71,INR,2025-12-29,2026-02-16,,You step so perform relate hot.,True,False,,,New Lane
CHE,PAT,,,,,CHE-PAT,QuickShip,2601.0,195.4,INR,2026-05-05,2026-10-06,,Through investment bed behavior human design agency commercial.,True,False,,,New Lane
CHE,PAT,,,,,CHE-PAT,CargoMax,572.0,345.36,,2025-07-21,2026-06-12,,Job although always over little.,True,False,,,New Lane
CHE,PAT,,,,,CHE-PAT,QuickShip,4864.0,212.48,usd,2025-11-28,2026-08-21,,Condition popular inside catch keep.,True,False,,,New Lane
CHE,PAT,,,,,CHE-PAT ,BlueDart,3609.0,385.71,Usd,2025-10-10,2026-05-29,check rate,Save option road over heart hour economy.,True,False,,,New Lane
CHE,PAT,,,,,CHE-PAT,FastMove,4515.0,45.97,usd,2025-05-25,2026-03-09,priority,How pass us.,True,False,,,New Lane
CHE,PAT,,,,,CHE-PAT,QuickShip,3547.0,278.2,EURO,2025-06-09,2025-12-01,check rate,Lawyer door everybody begin expect.,True,False,,,New Lane
CHE,PAT,,,,,CHE-PAT,BlueDart,1832.0,412.6,,2025-09-13,2026-04-17,priority,Left all cause budget high box.,True,False,,,New Lane
CHE,PAT,,,,,CHE-PAT,QuickShip,581.0,298.6,usd,2025-06-08,2025-06-30,check rate,Them go general unit as reach create most.,True,False,,,New Lane
CHE,SUR,,,,,CHE-SUR,QuickShip,1065.0,494.48,,2025-12-02,2026-11-28,,Down there but ball.,True,False,,,New Lane
CHE,SUR,,,,,CHE-SUR,BlueDart,3851.0,40.28,INR,2025-11-06,2026-03-19,check rate,Argue also seek party something.,True,False,,,New Lane
CHE,SUR,,,,,CHE-SUR,CargoMax,4552.0,209.66,INR,2025-05-28,2026-02-26,check rate,Heart him learn air force hand.,True,False,,,New Lane
CHE,SUR,,,,,CHE-SUR,FastMove,1227.0,224.81,Usd,2026-02-27,2026-10-11,priority,Maybe risk find within health.,True,False,,,New Lane
CHE,SUR,,,,,CHE-SUR,CargoMax,623.0,369.45,usd,2026-02-16,2026-10-31,,Defense page attack wear way half.,True,False,,,New Lane
CHE,SUR,,,,,CHE-SUR,FastMove,4218.0,93.39,,2025-07-14,2025-10-29,priority,Each product vote choose against bad record college.,True,False,,,New Lane
CHE,SUR,,,,,CHE-SUR,BlueDart,2893.0,295.26,Usd,2025-09-04,2026-03-07,priority,Few participant than time up most.,True,False,,,New Lane
CHE,SUR,,,,,CHE-SUR,FastMove,3226.0,76.63,EURO,2026-01-13,2026-08-23,priority,Avoid provide important seem pressure.,True,False,,,New Lane
CHE,SUR,,,,,CHE-SUR,FastMove,4218.0,93.39,,2025-07-14,2025-10-29,priority,Each product vote choose against bad record college.,True,False,,,New Lane
CHE,SUR,,,,,CHE-SUR,CargoMax,1011.0,217.55,Usd,2025-06-04,2025-06-30,priority,That would house behavior and door month.,True,False,,,New Lane
CHE,SUR,,,,,CHE-SUR,FastMove,548.0,445.86,,2025-08-07,2025-09-29,,Big break popular stay.,True,False,,,New Lane
CHE,SUR,,,,,CHE-SUR,LogiX,759.0,116.47,,2026-05-02,2026-08-04,priority,Summer cell public own card tend coach.,True,False,,,New Lane
CHE,SUR,,,,,CHE-SUR,QuickShip,648.0,255.14,Usd,2025-11-02,2026-03-01,Urgent,Citizen town thought goal computer protect service report.,True,False,,,New Lane
CHE,SUR,,,,,CHE-SUR,CargoMax,1584.0,180.59,,2025-08-30,2025-12-01,,Present reveal energy candidate success.,True,False,,,New Lane
CHE,SUR,,,,,CHE-SUR,QuickShip,87580.0,279.62,Usd,2025-10-01,2026-02-03,priority,Sometimes natural little appear notice.,True,False,,,New Lane
CHE,SUR,,,,,CHE-SUR,LogiX,4223.0,438.08,,2025-07-03,2026-04-06,Special handling,Word worry executive long since.,True,False,,,New Lane
CHE,SUR,,,,,CHE-SUR,FastMove,3226.0,76.63,EURO,2026-01-13,2026-08-23,priority,Avoid provide important seem pressure.,True,False,,,New Lane
CHE,SUR,,,,,CHE-SUR,QuickShip,648.0,255.14,Usd,2025-11-02,2026-03-01,Urgent,Citizen town thought goal computer protect service report.,True,False,,,New Lane
CHE,SUR,,,,,CHE-SUR ,LogiX,1900.0,48.42,EURO,2025-11-20,2025-11-05,check rate,Sport dark concern find.,True,False,,,New Lane
DEL,BPL,,,,,DEL-BPL,LogiX,1960.0,382.98,,2025-08-20,2025-10-21,priority,Up hot financial red.,True,False,,,New Lane
DEL,BPL,,,,,DEL-BPL,LogiX,1078.0,249.3,INR,2025-05-27,2025-12-02,Special handling,War rate change information inside allow.,True,False,,,New Lane
DEL,BPL,,,,,DEL-BPL,LogiX,1694.0,48.92,INR,2025-11-24,2026-01-23,Urgent,Church deal themselves everyone entire minute eye.,True,False,,,New Lane
DEL,BPL,,,,,DEL-BPL,BlueDart,4907.0,422.51,inr,2025-10-17,2025-11-24,Special handling,Phone political apply whether know trial concern.,True,False,,,New Lane
DEL,BPL,,,,,DEL-BPL,LogiX,3615.0,76.04,Usd,2025-08-29,2025-12-23,,Worker today save truth activity.,True,False,,,New Lane
DEL,BPL,,,,,DEL-BPL,QuickShip,1028.0,207.79,EURO,2025-06-30,2026-02-26,Urgent,Health it tell tree PM.,True,False,,,New Lane
DEL,BPL,,,,,DEL-BPL,BlueDart,4907.0,422.51,inr,2025-10-17,2025-11-24,Special handling,Phone political apply whether know trial concern.,True,False,,,New Lane
DEL,BPL,,,,,DEL-BPL,FastMove,4767.0,28.91,usd,2025-10-24,2025-10-18,Urgent,Way report painting general.,True,False,,,New Lane
DEL,BPL,,,,,DEL-BPL,FastMove,4767.0,28.91,usd,2025-10-24,2025-10-18,Urgent,Way report painting general.,True,False,,,New Lane
DEL,BPL,,,,,DEL-BPL,LogiX,1335.0,194.88,Usd,2025-12-16,2025-10-28,priority,Begin late arrive appear capital weight treat drop.,True,False,,,New Lane
DEL,BPL,,,,,DEL-BPL,LogiX,3772.0,43.63,,2025-11-29,2026-04-24,,Drug while democratic study story forward plan.,True,False,,,New Lane
DEL,BPL,,,,,DEL-BPL,FastMove,4767.0,28.91,usd,2025-10-24,2025-10-18,Urgent,Way report painting general.,True,False,,,New Lane
DEL,BPL,,,,,DEL-BPL,FastMove,86440.0,50.62,usd,2025-07-19,2025-09-16,check rate,Also weight wonder hour.,True,False,,,New Lane
DEL,BPL,,,,,DEL-BPL,CargoMax,4682.0,426.24,EURO,2025-07-09,2025-09-17,priority,Quickly because sometimes mother so.,True,False,,,New Lane
DEL,BPL,,,,,DEL-BPL,FastMove,2212.0,497.0,,2025-07-02,2026-05-16,Urgent,Know coach listen those it.,True,False,,,New Lane
DEL,BPL,,,,,DEL-BPL,CargoMax,2086.0,148.05,INR,2025-08-10,2025-12-21,Special handling,Interview approach big wife whose owner.,True,False,,,New Lane
DEL,BPL,,,,,DEL-BPL,QuickShip,3110.0,208.0,EURO,2025-09-13,2025-10-11,,Subject fish he actually.,True,False,,,New Lane
DEL,BPL,,,,,DEL-BPL,LogiX,2607.0,166.78,usd,2026-01-03,2026-10-26,priority,Past pull long property.,True,False,,,New Lane
DEL,BPL,,,,,DEL-BPL,LogiX,3899.0,325.46,Usd,2025-12-30,2026-09-24,Special handling,Law key loss late establish discussion.,True,False,,,New Lane
DEL,BPL,,,,,DEL-BPL,FastMove,1756.0,75.58,Usd,2025-05-30,2025-12-25,,Require concern party director feeling.,True,False,,,New Lane
DEL,BPL,,,,,DEL-BPL,CargoMax,4011.0,252.32,usd,2025-08-29,2026-02-12,Special handling,Brother away commercial physical run.,True,False,,,New Lane
DEL,BPL,,,,,DEL-BPL,FastMove,656.0,420.71,Usd,2025-07-21,2026-05-17,Special handling,He religious free million member institution chair.,True,False,,,New Lane
DEL,BPL,,,,,DEL-BPL,FastMove,656.0,420.71,Usd,2025-07-21,2026-05-17,Special handling,He religious free million member institution chair.,True,False,,,New Lane
DEL,BPL,,,,,DEL-BPL,CargoMax,3637.0,42.6,inr,2025-05-26,2026-04-02,check rate,Let exactly ten purpose million.,True,False,,,New Lane
DEL,GOI,,,,,DEL-GOI,BlueDart,1076.0,130.98,inr,2025-11-15,2026-09-21,Urgent,Test assume skin.,True,False,,,New Lane
DEL,GOI,,,,,DEL-GOI,BlueDart,4187.0,265.97,EURO,2025-08-09,2026-05-16,check rate,Opportunity need party.,True,False,,,New Lane
DEL,GOI,,,,,DEL-GOI,BlueDart,716.0,335.37,INR,2026-04-03,2026-06-22,Special handling,Ten resource daughter yourself.,True,False,,,New Lane
DEL,GOI,,,,,DEL-GOI,LogiX,3895.0,248.62,usd,2026-04-22,2026-03-03,check rate,Avoid organization public.,True,False,,,New Lane
DEL,GOI,,,,,DEL-GOI,CargoMax,4040.0,366.96,INR,2025-12-05,2025-11-27,,Production nor law maintain hotel into.,True,False,,,New Lane
DEL,GOI,,,,,DEL-GOI,BlueDart,4391.0,426.43,inr,2026-01-11,2026-09-19,,Arm simply goal reason.,True,False,,,New Lane
DEL,GOI,,,,,DEL-GOI,BlueDart,1722.0,222.77,INR,2025-07-25,2026-03-09,,Well two then region far behavior thank.,True,False,,,New Lane
DEL,GOI,,,,,DEL-GOI,QuickShip,3115.0,394.25,Usd,2026-03-19,2026-09-17,,Research eat go win open food.,True,False,,,New Lane
DEL,GOI,,,,,DEL-GOI ,QuickShip,3338.0,380.16,inr,2026-03-28,2026-06-18,Urgent,Century property career my of.,True,False,,,New Lane
DEL,GOI,,,,,DEL-GOI,LogiX,3895.0,248.62,usd,2026-04-22,2026-03-03,check rate,Avoid organization public.,True,False,,,New Lane
DEL,GOI,,,,,DEL-GOI,CargoMax,4040.0,366.96,INR,2025-12-05,2025-11-27,,Production nor law maintain hotel into.,True,False,,,New Lane
DEL,GOI,,,,,DEL-GOI,QuickShip,2091.0,497.73,inr,2025-07-24,2026-06-20,,Tax share act begin manager add difficult.,True,False,,,New Lane
DEL,GOI,,,,,DEL-GOI,LogiX,1384.0,131.26,inr,2025-11-23,2025-11-12,Urgent,Pressure whatever population administration carry even.,True,False,,,New Lane
DEL,GOI,,,,,DEL-GOI,FastMove,4699.0,376.6,,2026-04-15,2027-02-08,priority,Possible much Mr campaign time strategy tax.,True,False,,,New Lane
DEL,GOI,,,,,DEL-GOI,BlueDart,4441.0,70.29,Usd,2025-10-08,2026-05-08,Special handling,Keep can down mother space goal.,True,False,,,New Lane
DEL,GOI,,,,,DEL-GOI,BlueDart,4026.0,428.03,Usd,2025-05-18,2025-11-19,priority,Phone dog green loss.,True,False,,,New Lane
DEL,GOI,,,,,DEL-GOI,BlueDart,3790.0,51.94,inr,2025-09-27,2025-10-28,priority,Language peace evening.,True,False,,,New Lane
DEL,GOI,,,,,DEL-GOI,FastMove,3835.0,56.36,,2026-05-05,2026-11-09,Special handling,Leader sure everyone everyone.,True,False,,,New Lane
DEL,GOI,,,,,DEL-GOI,LogiX,2830.0,324.91,Usd,2025-06-27,2025-06-25,check rate,Audience as or huge.,True,False,,,New Lane
DEL,GOI,,,,,DEL-GOI,QuickShip,3481.0,418.37,EURO,2026-02-24,2026-10-14,,Somebody form moment word among.,True,False,,,New Lane
DEL,GOI,,,,,DEL-GOI,BlueDart,2941.0,484.26,usd,2025-08-01,2025-11-17,,Political player main there.,True,False,,,New Lane
DEL,GOI,,,,,DEL-GOI,BlueDart,4187.0,265.97,EURO,2025-08-09,2026-05-16,check rate,Opportunity need party.,True,False,,,New Lane
DEL,GOI,,,,,DEL-GOI,CargoMax,2576.0,299.1,usd,2026-05-08,2027-04-18,priority,Leg movement let teach wide next follow add.,True,False,,,New Lane
DEL,GOI,,,,,DEL-GOI,LogiX,74900.0,415.64,INR,2026-01-27,2026-05-31,,Decide war race sit officer according into.,True,False,,,New Lane
DEL,GOI,,,,,DEL-GOI,QuickShip,3481.0,418.37,EURO,2026-02-24,2026-10-14,,Somebody form moment word among.,True,False,,,New Lane
DEL,IND,,,,,DEL-IND,BlueDart,4062.0,202.45,,2025-11-16,2026-05-12,Special handling,Democrat most voice life firm news.,True,False,,,New Lane
DEL,IND,,,,,DEL-IND,FastMove,1723.0,422.31,EURO,2025-10-29,2026-06-17,,Late fear executive late while.,True,False,,,New Lane
DEL,IND,,,,,DEL-IND,CargoMax,4068.0,437.73,Usd,2025-12-14,2025-12-11,Urgent,Quality important now tough their ground drop it.,True,False,,,New Lane
DEL,IND,,,,,DEL-IND,QuickShip,4236.0,17.87,Usd,2025-07-06,2026-01-09,,Seven keep animal thousand see cultural.,True,False,,,New Lane
DEL,IND,,,,,DEL-IND,BlueDart,1950.0,164.72,INR,2025-12-15,2026-08-27,Special handling,His five computer bed scientist six fill.,True,False,,,New Lane
DEL,IND,,,,,DEL-IND ,QuickShip,2366.0,439.59,EURO,2025-07-21,2025-09-11,,Too score ten down.,True,False,,,New Lane
DEL,IND,,,,,DEL-IND,QuickShip,4028.0,41.05,inr,2025-10-12,2026-04-14,Urgent,Upon away fight as but.,True,False,,,New Lane
DEL,IND,,,,,DEL-IND,FastMove,853.0,325.05,EURO,2026-02-19,2026-02-17,priority,Exist particular claim court away boy.,True,False,,,New Lane
DEL,IND,,,,,DEL-IND ,BlueDart,4645.0,208.06,Usd,2026-05-04,2026-04-30,,Court movie across song.,True,False,,,New Lane
DEL,JPR,,,,,DEL-JPR,CargoMax,2043.0,70.63,usd,2025-11-02,2025-11-26,,Carry travel nearly brother.,True,False,,,New Lane
DEL,JPR,,,,,DEL-JPR,LogiX,4311.0,186.15,INR,2025-08-01,2026-05-18,Urgent,Movie prove environment know significant life enter.,True,False,,,New Lane
DEL,JPR,,,,,DEL-JPR,BlueDart,1844.0,486.06,inr,2026-03-13,2026-05-27,Urgent,Strategy month middle relationship hospital woman threat.,True,False,,,New Lane
DEL,JPR,,,,,DEL-JPR,QuickShip,2576.0,320.86,INR,2026-05-02,2026-09-13,,Nice somebody maintain very.,True,False,,,New Lane
DEL,JPR,,,,,DEL-JPR,QuickShip,727.0,343.05,Usd,2025-10-12,2026-09-29,Special handling,Cut someone myself position red entire source hundred.,True,False,,,New Lane
DEL,JPR,,,,,DEL-JPR,BlueDart,1649.0,306.23,EURO,2025-09-11,2026-06-02,Special handling,Marriage main me employee candidate bed sign.,True,False,,,New Lane
DEL,JPR,,,,,DEL-JPR,LogiX,2944.0,197.68,INR,2026-04-29,2026-08-30,,Sort fast show against kind toward source.,True,False,,,New Lane
DEL,JPR,,,,,DEL-JPR,FastMove,4057.0,125.41,Usd,2025-09-21,2025-10-20,Special handling,Mention star focus bring figure choice.,True,False,,,New Lane
DEL,JPR,,,,,DEL-JPR,LogiX,3693.0,451.29,inr,2025-12-27,2025-12-09,,Put buy reality.,True,False,,,New Lane
DEL,JPR,,,,,DEL-JPR,CargoMax,1849.0,39.89,EURO,2025-07-29,2026-03-25,Special handling,Cost collection entire certainly more.,True,False,,,New Lane
DEL,JPR,,,,,DEL-JPR,CargoMax,613.0,381.31,INR,2026-02-09,2027-01-24,check rate,Coach term nor personal still.,True,False,,,New Lane
DEL,JPR,,,,,DEL-JPR,BlueDart,1824.0,117.87,INR,2026-04-24,2026-09-30,Special handling,Science move significant system.,True,False,,,New Lane
DEL,JPR,,,,,DEL-JPR,CargoMax,704.0,100.37,Usd,2025-12-12,2026-12-11,Urgent,Service free woman speech around before.,True,False,,,New Lane
DEL,JPR,,,,,DEL-JPR,BlueDart,1649.0,306.23,EURO,2025-09-11,2026-06-02,Special handling,Marriage main me employee candidate bed sign.,True,False,,,New Lane
DEL,JPR,,,,,DEL-JPR,CargoMax,3212.0,389.18,EURO,2025-09-26,2026-04-27,,Structure interesting three recognize crime above here.,True,False,,,New Lane
DEL,JPR,,,,,DEL-JPR,FastMove,4799.0,149.83,inr,2025-09-21,2025-09-10,Urgent,White institution impact baby father people price.,True,False,,,New Lane
DEL,JPR,,,,,DEL-JPR,BlueDart,1844.0,486.06,inr,2026-03-13,2026-05-27,Urgent,Strategy month middle relationship hospital woman threat.,True,False,,,New Lane
DEL,LKO,,,,,DEL-LKO,BlueDart,2598.0,408.66,usd,2025-06-10,2026-01-20,,Suddenly recent require resource something.,True,False,,,New Lane
DEL,LKO,,,,,DEL-LKO,QuickShip,1041.0,175.28,,2025-07-26,2026-02-06,Special handling,Coach sometimes event brother.,True,False,,,New Lane
DEL,LKO,,,,,DEL-LKO,QuickShip,1528.0,13.6,Usd,2025-09-14,2026-06-27,check rate,Reveal quality deal some mention hospital hit.,True,False,,,New Lane
DEL,LKO,,,,,DEL-LKO,FastMove,61760.0,122.43,,2025-11-18,2026-07-17,,National these simple discuss president woman end.,True,False,,,New Lane
DEL,LKO,,,,,DEL-LKO,QuickShip,593.0,315.76,usd,2025-10-08,2026-01-25,check rate,Or into act down reason under wall.,True,False,,,New Lane
DEL,LKO,,,,,DEL-LKO,LogiX,1555.0,252.73,,2026-04-25,2026-09-26,,Ability but money listen.,True,False,,,New Lane
DEL,LKO,,,,,DEL-LKO,LogiX,3528.0,314.26,inr,2025-09-16,2026-07-28,,A authority guess.,True,False,,,New Lane
DEL,LKO,,,,,DEL-LKO,CargoMax,2838.0,112.1,usd,2025-11-12,2026-01-29,priority,Fast wrong identify street heart officer price.,True,False,,,New Lane
DEL,LKO,,,,,DEL-LKO,CargoMax,3652.0,33.67,inr,2025-08-20,2026-01-01,priority,Apply know daughter across out impact weight couple.,True,False,,,New Lane
DEL,LKO,,,,,DEL-LKO,CargoMax,965.0,127.68,usd,2025-06-19,2026-05-26,Urgent,Eat sell and easy.,True,False,,,New Lane
DEL,LKO,,,,,DEL-LKO,CargoMax,937.0,404.05,Usd,2025-06-10,2025-08-31,,Able ask institution task increase will.,True,False,,,New Lane
DEL,LKO,,,,,DEL-LKO,CargoMax,1501.0,262.84,inr,2026-03-11,2026-06-10,,Foreign edge big hotel strategy order continue piece.,True,False,,,New Lane
DEL,LKO,,,,,DEL-LKO,QuickShip,855.0,405.13,EURO,2025-09-27,2025-09-22,,Will visit coach beat heavy film.,True,False,,,New Lane
DEL,LKO,,,,,DEL-LKO,BlueDart,3676.0,197.28,INR,2025-11-10,2026-04-26,Urgent,Surface but long modern.,True,False,,,New Lane
DEL,LKO,,,,,DEL-LKO,CargoMax,2573.0,50.06,Usd,2025-11-01,2026-02-25,,Method be executive.,True,False,,,New Lane
DEL,LKO,,,,,DEL-LKO,CargoMax,527.0,489.24,,2025-07-31,2025-11-05,,Media against company response room.,True,False,,,New Lane
DEL,LKO,,,,,DEL-LKO,CargoMax,3652.0,33.67,inr,2025-08-20,2026-01-01,priority,Apply know daughter across out impact weight couple.,True,False,,,New Lane
DEL,LKO,,,,,DEL-LKO,QuickShip,2121.0,421.26,,2026-03-24,2026-12-23,Urgent,Stuff throughout former western.,True,False,,,New Lane
DEL,NAG,,,,,DEL-NAG,CargoMax,3026.0,198.63,INR,2026-05-10,2026-09-10,,Nature where summer high become.,True,False,,,New Lane
DEL,NAG,,,,,DEL-NAG,LogiX,2211.0,316.74,usd,2025-05-16,2025-08-30,,Argue prove our.,True,False,,,New Lane
DEL,NAG,,,,,DEL-NAG,FastMove,4432.0,308.05,inr,2026-04-19,2026-04-09,check rate,Space establish vote build need.,True,False,,,New Lane
DEL,NAG,,,,,DEL-NAG,QuickShip,2506.0,290.17,INR,2026-04-27,2026-12-06,Special handling,Four center suggest number family teach pay.,True,False,,,New Lane
DEL,NAG,,,,,DEL-NAG,FastMove,3149.0,83.53,EURO,2025-10-04,2025-09-29,priority,Artist road billion any happen step.,True,False,,,New Lane
DEL,NAG,,,,,DEL-NAG,BlueDart,4565.0,464.0,inr,2025-11-02,2025-12-15,check rate,Action stuff strategy region often environment education.,True,False,,,New Lane
DEL,NAG,,,,,DEL-NAG,CargoMax,3102.0,359.13,,2026-05-10,2027-02-28,Urgent,Travel whether community our.,True,False,,,New Lane
DEL,NAG,,,,,DEL-NAG,CargoMax,3206.0,252.46,inr,2025-12-05,2026-01-25,check rate,Word gas likely close.,True,False,,,New Lane
DEL,NAG,,,,,DEL-NAG,LogiX,1452.0,193.5,,2025-05-31,2025-05-16,priority,Someone democratic yard drop him deep.,True,False,,,New Lane
DEL,NAG,,,,,DEL-NAG,QuickShip,1393.0,200.42,usd,2026-03-11,2026-03-04,,Support firm road account yeah organization task.,True,False,,,New Lane
DEL,NAG,,,,,DEL-NAG,FastMove,3594.0,86.71,usd,2025-11-09,2025-11-01,,Right thousand control play decision let choice.,True,False,,,New Lane
DEL,NAG,,,,,DEL-NAG,BlueDart,4678.0,227.76,EURO,2025-06-03,2025-06-05,,Among raise these.,True,False,,,New Lane
DEL,NAG,,,,,DEL-NAG,BlueDart,2871.0,62.54,,2026-02-13,2026-02-07,Special handling,Set member community region among field put offer.,True,False,,,New Lane
DEL,NAG,,,,,DEL-NAG,CargoMax,2293.0,52.9,INR,2025-07-16,2026-03-05,check rate,Decide half its.,True,False,,,New Lane
DEL,NAG,,,,,DEL-NAG,LogiX,1452.0,193.5,,2025-05-31,2025-05-16,priority,Someone democratic yard drop him deep.,True,False,,,New Lane
DEL,NAG,,,,,DEL-NAG,LogiX,4154.0,299.17,Usd,2026-01-14,2026-08-12,Special handling,Reason ahead grow material friend.,True,False,,,New Lane
DEL,NAG,,,,,DEL-NAG,BlueDart,4726.0,217.86,Usd,2026-04-13,2026-11-26,priority,Artist recent difficult perform store source commercial TV.,True,False,,,New Lane
DEL,NAG,,,,,DEL-NAG,LogiX,2128.0,211.32,INR,2025-05-27,2026-05-05,,Something pattern space rather vote prove contain.,True,False,,,New Lane
DEL,NAG,,,,,DEL-NAG,CargoMax,2677.0,327.03,usd,2026-03-06,2026-03-08,Urgent,Between professor amount TV call bed.,True,False,,,New Lane
DEL,PAT,,,,,DEL-PAT,FastMove,4689.0,364.57,,2025-06-10,2026-04-23,check rate,Audience forget use modern make shake.,True,False,,,New Lane
DEL,PAT,,,,,DEL-PAT,BlueDart,4679.0,342.31,INR,2025-06-16,2026-06-10,,System left have nothing note knowledge unit.,True,False,,,New Lane
DEL,PAT,,,,,DEL-PAT,BlueDart,872.0,327.54,usd,2025-09-08,2025-11-11,,Test nature itself affect successful per floor.,True,False,,,New Lane
DEL,PAT,,,,,DEL-PAT,LogiX,1186.0,199.85,EURO,2025-07-20,2026-03-20,,Like budget owner.,True,False,,,New Lane
DEL,PAT,,,,,DEL-PAT,FastMove,2994.0,105.29,usd,2026-02-15,2026-07-11,,Former why camera sense authority candidate.,True,False,,,New Lane
DEL,PAT,,,,,DEL-PAT,FastMove,1414.0,230.95,usd,2025-05-20,2026-01-10,Urgent,Ask outside participant project stuff.,True,False,,,New Lane
DEL,PAT,,,,,DEL-PAT,BlueDart,1398.0,21.95,Usd,2025-10-01,2026-01-04,priority,Which dream natural job.,True,False,,,New Lane
DEL,PAT,,,,,DEL-PAT,LogiX,821.0,482.89,usd,2026-02-05,2026-05-29,Urgent,Miss find religious plant.,True,False,,,New Lane
DEL,PAT,,,,,DEL-PAT,LogiX,631.0,354.58,,2025-07-30,2025-08-08,Special handling,Charge billion culture capital together six mean.,True,False,,,New Lane
DEL,PAT,,,,,DEL-PAT,FastMove,4442.0,333.04,Usd,2025-07-14,2026-02-06,check rate,May feeling gas not upon those.,True,False,,,New Lane
DEL,PAT,,,,,DEL-PAT,QuickShip,3547.0,302.06,Usd,2025-09-02,2025-08-25,,Appear say lot century court.,True,False,,,New Lane
DEL,PAT,,,,,DEL-PAT,QuickShip,1433.0,490.44,usd,2025-11-28,2025-11-18,Special handling,Live west amount scene night popular matter Republican.,True,False,,,New Lane
DEL,PAT,,,,,DEL-PAT,LogiX,1186.0,199.85,EURO,2025-07-20,2026-03-20,,Like budget owner.,True,False,,,New Lane
DEL,PAT,,,,,DEL-PAT,FastMove,4250.0,353.68,Usd,2025-08-30,2026-07-03,priority,Sing boy send trouble leave return.,True,False,,,New Lane
DEL,PAT,,,,,DEL-PAT,QuickShip,1079.0,29.36,,2026-02-26,2026-12-30,Urgent,Many outside training.,True,False,,,New Lane
DEL,PAT,,,,,DEL-PAT,BlueDart,2396.0,377.56,INR,2025-08-28,2025-08-23,priority,Make movie him when.,True,False,,,New Lane
DEL,PAT,,,,,DEL-PAT,LogiX,4807.0,80.36,Usd,2025-12-14,2026-04-14,check rate,One I heart one performance window rise player.,True,False,,,New Lane
DEL,PAT,,,,,DEL-PAT,QuickShip,4849.0,13.57,inr,2026-05-09,2026-11-26,,Something church much water personal these.,True,False,,,New Lane
DEL,PAT,,,,,DEL-PAT,QuickShip,1007.0,267.27,INR,2025-09-27,2026-08-18,Special handling,Yeah thought answer good show bank.,True,False,,,New Lane
DEL,PAT,,,,,DEL-PAT,BlueDart,888.0,100.83,,2025-11-26,2026-07-21,check rate,Note sure order garden.,True,False,,,New Lane
DEL,PAT,,,,,DEL-PAT,FastMove,4250.0,353.68,Usd,2025-08-30,2026-07-03,priority,Sing boy send trouble leave return.,True,False,,,New Lane
DEL,SUR,,,,,DEL-SUR,CargoMax,3761.0,48.02,,2026-04-01,2026-05-20,Special handling,Performance school century thank simple.,True,False,,,New Lane
DEL,SUR,,,,,DEL-SUR,LogiX,3536.0,390.95,,2026-04-15,2027-02-14,,Lose former professional away cold low his.,True,False,,,New Lane
DEL,SUR,,,,,DEL-SUR,CargoMax,1792.0,458.3,EURO,2026-04-19,2026-12-15,Special handling,Bag leader quite suffer far kitchen free local.,True,False,,,New Lane
DEL,SUR,,,,,DEL-SUR,QuickShip,1857.0,368.39,INR,2025-09-28,2025-10-27,priority,Pretty population product she central personal position receive.,True,False,,,New Lane
DEL,SUR,,,,,DEL-SUR,FastMove,1962.0,397.51,INR,2026-01-26,2026-09-07,check rate,Manager attack standard significant start later between.,True,False,,,New Lane
DEL,SUR,,,,,DEL-SUR,QuickShip,70880.0,427.32,,2025-06-06,2026-04-12,Urgent,Rest which future watch interesting house already election.,True,False,,,New Lane
DEL,SUR,,,,,DEL-SUR,QuickShip,70880.0,427.32,,2025-06-06,2026-04-12,Urgent,Rest which future watch interesting house already election.,True,False,,,New Lane
DEL,SUR,,,,,DEL-SUR,LogiX,3458.0,310.9,INR,2025-11-09,2025-12-30,Urgent,Agree point present watch.,True,False,,,New Lane
DEL,SUR,,,,,DEL-SUR,CargoMax,4578.0,369.75,EURO,2026-01-21,2026-07-14,check rate,Deep challenge however.,True,False,,,New Lane
DEL,SUR,,,,,DEL-SUR,LogiX,3458.0,310.9,INR,2025-11-09,2025-12-30,Urgent,Agree point present watch.,True,False,,,New Lane
DEL,SUR,,,,,DEL-SUR,BlueDart,1986.0,327.64,,2025-10-08,2025-12-16,Special handling,Professor analysis support child.,True,False,,,New Lane
"Dubai, AE","Jeddah, SA",SkyHigh Air,598.34,EUR,2025-11-19,,,,,,,,,,False,True,,,Removed Lane
"Dubai, AE","Mumbai, IN",Oceanic Logistics,2949.22,EUR,2025-11-18,,,,,,,,,,False,True,,,Removed Lane
"Dubai, AE","New York, US",Evergreen Marine,532.22,EUR,2026-01-30,,,,,,,,,,False,True,,,Removed Lane
"Dubai, AE","Santos, BR",DHL Global,1266.82,GBP,2025-12-23,,,,,,,,,,False,True,,,Removed Lane
"Dubai, AE","Santos, BR",SkyHigh Air,4805.8,EUR,2025-12-24,,,,,,,,,,False,True,,,Removed Lane
"Dubai, AE","Santos, BR",Maersk Line,2050.55,USD,2026-04-10,,,,,,,,,,False,True,,,Removed Lane
"Dubai, AE","Santos, BR",Global Freight Corp,1437.19,EUR,2025-11-24,,,,,,,,,,False,True,,,Removed Lane
"Dubai, AE","Tokyo, JP",Maersk Line,809.26,GBP,2026-04-03,,,,,,,,,,False,True,,,Removed Lane
HYD,BPL,,,,,HYD-BPL,FastMove,4517.0,53.3,EURO,2025-12-23,2026-03-21,check rate,Could everything skill little meet six community.,True,False,,,New Lane
HYD,BPL,,,,,HYD-BPL,BlueDart,3408.0,316.78,INR,2025-09-26,2026-02-05,priority,Amount morning truth really let somebody.,True,False,,,New Lane
HYD,BPL,,,,,HYD-BPL,BlueDart,2114.0,37.4,inr,2026-04-01,2026-10-14,priority,Analysis senior court ready.,True,False,,,New Lane
HYD,BPL,,,,,HYD-BPL,LogiX,644.0,429.13,usd,2026-04-25,2026-07-05,,Western wrong information cause woman positive.,True,False,,,New Lane
HYD,BPL,,,,,HYD-BPL,BlueDart,4811.0,411.24,Usd,2026-02-28,2026-10-29,priority,Manager affect easy figure.,True,False,,,New Lane
HYD,BPL,,,,,HYD-BPL,QuickShip,2190.0,148.61,inr,2025-12-18,2026-10-03,Special handling,Produce national why or loss surface yourself.,True,False,,,New Lane
HYD,BPL,,,,,HYD-BPL,LogiX,3938.0,432.45,,2026-05-11,2027-01-22,Urgent,Thousand reality indeed until white culture.,True,False,,,New Lane
HYD,BPL,,,,,HYD-BPL,QuickShip,788.0,287.27,usd,2025-09-26,2026-03-04,priority,Glass perform director less whatever rise leave lawyer.,True,False,,,New Lane
HYD,BPL,,,,,HYD-BPL,LogiX,2802.0,178.34,inr,2025-05-30,2025-08-26,check rate,Trial early almost ten including might.,True,False,,,New Lane
HYD,BPL,,,,,HYD-BPL,FastMove,2817.0,426.46,,2025-06-21,2026-01-31,Special handling,Road visit myself physical author energy.,True,False,,,New Lane
HYD,BPL,,,,,HYD-BPL,QuickShip,1585.0,171.76,usd,2025-08-02,2026-03-04,,Then debate democratic.,True,False,,,New Lane
HYD,BPL,,,,,HYD-BPL,QuickShip,2190.0,148.61,inr,2025-12-18,2026-10-03,Special handling,Produce national why or loss surface yourself.,True,False,,,New Lane
HYD,BPL,,,,,HYD-BPL,LogiX,540.0,494.87,EURO,2025-05-27,2026-02-14,priority,Become book heart safe.,True,False,,,New Lane
HYD,BPL,,,,,HYD-BPL,QuickShip,1585.0,171.76,usd,2025-08-02,2026-03-04,,Then debate democratic.,True,False,,,New Lane
HYD,BPL,,,,,HYD-BPL,FastMove,577.0,445.78,EURO,2025-10-01,2026-06-04,priority,Outside improve interview simply.,True,False,,,New Lane
HYD,BPL,,,,,HYD-BPL,FastMove,4856.0,443.16,usd,2025-10-14,2026-06-13,Special handling,First tough song edge amount tell.,True,False,,,New Lane
HYD,BPL,,,,,HYD-BPL,LogiX,4800.0,340.24,,2025-08-18,2025-09-18,Urgent,Set speech claim national whatever another million during.,True,False,,,New Lane
HYD,BPL,,,,,HYD-BPL,BlueDart,2003.0,236.52,Usd,2025-10-09,2026-04-01,Urgent,Hard view sing four billion choice.,True,False,,,New Lane
HYD,BPL,,,,,HYD-BPL,LogiX,2207.0,125.54,usd,2026-01-01,2026-07-16,priority,Effect provide push radio beyond.,True,False,,,New Lane
HYD,BPL,,,,,HYD-BPL,QuickShip,2190.0,148.61,inr,2025-12-18,2026-10-03,Special handling,Produce national why or loss surface yourself.,True,False,,,New Lane
HYD,BPL,,,,,HYD-BPL,CargoMax,2868.0,412.45,INR,2025-11-24,2026-01-04,,Which fight article develop stay.,True,False,,,New Lane
HYD,BPL,,,,,HYD-BPL,FastMove,4856.0,443.16,usd,2025-10-14,2026-06-13,Special handling,First tough song edge amount tell.,True,False,,,New Lane
HYD,GOI,,,,,HYD-GOI,QuickShip,2473.0,103.7,Usd,2025-08-18,2025-10-28,,Power especially miss visit blood order available.,True,False,,,New Lane
HYD,GOI,,,,,HYD-GOI,BlueDart,2755.0,170.16,inr,2026-02-09,2026-11-27,Special handling,Care project street cell serve herself I leave.,True,False,,,New Lane
HYD,GOI,,,,,HYD-GOI,BlueDart,2336.0,109.08,INR,2026-01-18,2026-06-30,check rate,Activity knowledge this simply federal.,True,False,,,New Lane
HYD,GOI,,,,,HYD-GOI,LogiX,89220.0,162.83,,2025-09-11,2026-06-24,Urgent,We write million.,True,False,,,New Lane
HYD,GOI,,,,,HYD-GOI,FastMove,4036.0,370.74,Usd,2025-09-28,2026-03-28,priority,Choose campaign fight other teach firm stage.,True,False,,,New Lane
HYD,GOI,,,,,HYD-GOI,QuickShip,3565.0,309.99,INR,2025-07-25,2025-09-30,check rate,Key parent ability low.,True,False,,,New Lane
HYD,GOI,,,,,HYD-GOI,QuickShip,3445.0,144.08,usd,2025-10-27,2025-12-15,,Environment true career would.,True,False,,,New Lane
HYD,GOI,,,,,HYD-GOI,BlueDart,2336.0,109.08,INR,2026-01-18,2026-06-30,check rate,Activity knowledge this simply federal.,True,False,,,New Lane
HYD,GOI,,,,,HYD-GOI,CargoMax,645.0,488.24,Usd,2025-06-16,2025-05-08,priority,Fear could know certain.,True,False,,,New Lane
HYD,GOI,,,,,HYD-GOI,QuickShip,1020.0,490.55,Usd,2026-01-02,2026-03-21,Special handling,Job police material successful side southern.,True,False,,,New Lane
HYD,GOI,,,,,HYD-GOI,BlueDart,3428.0,262.47,,2026-03-16,2026-12-14,priority,Baby officer organization guess cultural.,True,False,,,New Lane
HYD,GOI,,,,,HYD-GOI,FastMove,4215.0,278.64,INR,2026-04-04,2026-05-20,,Tough feeling especially.,True,False,,,New Lane
HYD,GOI,,,,,HYD-GOI,LogiX,89220.0,162.83,,2025-09-11,2026-06-24,Urgent,We write million.,True,False,,,New Lane
HYD,GOI,,,,,HYD-GOI,FastMove,3789.0,457.98,,2025-05-28,2025-09-08,Urgent,Ten teach PM section since.,True,False,,,New Lane
HYD,GOI,,,,,HYD-GOI,FastMove,4039.0,346.9,,2026-05-13,2026-04-15,,Medical letter Mrs raise.,True,False,,,New Lane
HYD,GOI,,,,,HYD-GOI,BlueDart,2109.0,429.87,,2025-06-22,2025-11-02,check rate,Chair list nice usually candidate keep interesting.,True,False,,,New Lane
HYD,IND,,,,,HYD-IND,FastMove,2903.0,358.38,inr,2025-05-23,2025-06-13,priority,Song child Congress give.,True,False,,,New Lane
HYD,IND,,,,,HYD-IND,BlueDart,3119.0,304.73,usd,2026-03-27,2027-03-04,priority,Education in pass national provide.,True,False,,,New Lane
HYD,IND,,,,,HYD-IND,LogiX,3168.0,179.72,usd,2026-03-11,2026-06-03,Urgent,Bank finally half beyond worry.,True,False,,,New Lane
HYD,IND,,,,,HYD-IND,CargoMax,2956.0,456.65,Usd,2025-10-24,2025-10-29,,Bit skill fast recent.,True,False,,,New Lane
HYD,IND,,,,,HYD-IND,QuickShip,905.0,335.93,usd,2025-08-24,2026-06-07,priority,Benefit size tough fast side design.,True,False,,,New Lane
HYD,IND,,,,,HYD-IND,LogiX,1105.0,207.63,,2026-02-13,2026-07-27,check rate,Unit few identify focus.,True,False,,,New Lane
HYD,IND,,,,,HYD-IND,FastMove,880.0,448.83,EURO,2025-09-14,2026-08-26,priority,Health agency task Congress stand.,True,False,,,New Lane
HYD,IND,,,,,HYD-IND,FastMove,2432.0,174.71,usd,2026-02-09,2026-08-16,priority,Car speech wait foreign.,True,False,,,New Lane
HYD,IND,,,,,HYD-IND,QuickShip,3240.0,352.28,EURO,2025-06-02,2025-07-30,priority,Trouble seek rest ever.,True,False,,,New Lane
HYD,IND,,,,,HYD-IND,LogiX,4926.0,228.87,EURO,2025-11-01,2025-10-16,Urgent,Into safe thought draw within heart.,True,False,,,New Lane
HYD,IND,,,,,HYD-IND,BlueDart,2097.0,372.73,inr,2025-12-30,2026-11-16,,Line buy culture six.,True,False,,,New Lane
HYD,IND,,,,,HYD-IND,QuickShip,1376.0,358.34,Usd,2025-12-17,2026-09-13,Special handling,Student move across consider.,True,False,,,New Lane
HYD,IND,,,,,HYD-IND,FastMove,2936.0,418.01,INR,2025-08-30,2026-05-13,,Time nation stop agreement partner radio.,True,False,,,New Lane
HYD,IND,,,,,HYD-IND,BlueDart,3119.0,304.73,usd,2026-03-27,2027-03-04,priority,Education in pass national provide.,True,False,,,New Lane
HYD,IND,,,,,HYD-IND,CargoMax,4019.0,18.02,INR,2025-08-09,2026-01-30,,Together at Mrs final.,True,False,,,New Lane
HYD,IND,,,,,HYD-IND,QuickShip,4721.0,200.72,,2025-10-12,2026-03-12,,Offer catch assume science.,True,False,,,New Lane
HYD,IND,,,,,HYD-IND,LogiX,4598.0,54.49,,2026-03-21,2026-06-25,check rate,Talk throughout now he sit part floor.,True,False,,,New Lane
HYD,IND,,,,,HYD-IND,CargoMax,969.0,31.95,INR,2026-01-25,2026-12-14,check rate,The war successful different.,True,False,,,New Lane
HYD,IND,,,,,HYD-IND,BlueDart,4823.0,446.99,inr,2025-11-13,2026-07-09,check rate,House rise charge wall help vote loss.,True,False,,,New Lane
HYD,IND,,,,,HYD-IND,QuickShip,4598.0,280.7,Usd,2025-09-20,2026-08-15,,Out practice along begin.,True,False,,,New Lane
HYD,IND,,,,,HYD-IND,BlueDart,3119.0,304.73,usd,2026-03-27,2027-03-04,priority,Education in pass national provide.,True,False,,,New Lane
HYD,IND,,,,,HYD-IND,FastMove,3620.0,416.38,inr,2025-12-01,2026-09-22,check rate,During political person prove.,True,False,,,New Lane
HYD,IND,,,,,HYD-IND,CargoMax,504.0,405.19,Usd,2025-09-24,2025-10-24,,This bar how.,True,False,,,New Lane
HYD,JPR,,,,,HYD-JPR,QuickShip,1644.0,477.65,EURO,2026-01-03,2026-08-17,Urgent,Newspaper politics total.,True,False,,,New Lane
HYD,JPR,,,,,HYD-JPR,FastMove,1566.0,442.66,usd,2025-12-28,2025-12-04,,Go physical sound himself night.,True,False,,,New Lane
HYD,JPR,,,,,HYD-JPR,FastMove,4100.0,387.83,usd,2026-01-07,2025-12-12,,Themselves tend so here see fact interview.,True,False,,,New Lane
HYD,JPR,,,,,HYD-JPR,CargoMax,3274.0,10.96,Usd,2026-01-11,2026-08-13,priority,Win explain will foot morning only so.,True,False,,,New Lane
HYD,JPR,,,,,HYD-JPR,BlueDart,3875.0,317.82,usd,2026-03-19,2026-02-20,Urgent,Idea popular its figure large.,True,False,,,New Lane
HYD,JPR,,,,,HYD-JPR,LogiX,4725.0,480.86,inr,2025-07-17,2026-03-14,,Increase forget fact dinner general as.,True,False,,,New Lane
HYD,JPR,,,,,HYD-JPR,LogiX,26180.0,19.22,inr,2025-11-26,2025-11-09,priority,Medical why suffer ball source Congress network.,True,False,,,New Lane
HYD,JPR,,,,,HYD-JPR,QuickShip,4362.0,16.61,inr,2025-07-05,2026-04-30,Special handling,Power including season.,True,False,,,New Lane
HYD,JPR,,,,,HYD-JPR,QuickShip,1644.0,477.65,EURO,2026-01-03,2026-08-17,Urgent,Newspaper politics total.,True,False,,,New Lane
HYD,JPR,,,,,HYD-JPR,FastMove,4360.0,291.89,,2025-12-04,2026-09-30,,About manager role newspaper always make but.,True,False,,,New Lane
HYD,JPR,,,,,HYD-JPR,BlueDart,4741.0,311.01,INR,2026-03-25,2026-04-22,Special handling,Customer various wonder song keep much represent girl.,True,False,,,New Lane
HYD,JPR,,,,,HYD-JPR,QuickShip,2400.0,187.57,usd,2026-02-09,2026-08-14,,Past force system after sell few only affect.,True,False,,,New Lane
HYD,JPR,,,,,HYD-JPR,LogiX,890.0,86.02,usd,2025-05-14,2025-08-31,Urgent,Tax wrong professor detail article for.,True,False,,,New Lane
HYD,JPR,,,,,HYD-JPR,FastMove,3335.0,477.94,inr,2026-03-25,2026-05-10,,Member try deep.,True,False,,,New Lane
HYD,JPR,,,,,HYD-JPR,CargoMax,689.0,128.35,INR,2026-02-01,2026-10-25,priority,Employee perform upon.,True,False,,,New Lane
HYD,JPR,,,,,HYD-JPR,LogiX,4156.0,68.96,Usd,2025-06-30,2026-04-21,check rate,Lawyer right billion daughter join explain notice.,True,False,,,New Lane
HYD,LKO,,,,,HYD-LKO,LogiX,3578.0,158.75,INR,2025-12-03,2026-09-11,Urgent,Increase special never maybe people order agency.,True,False,,,New Lane
HYD,LKO,,,,,HYD-LKO,LogiX,4335.0,236.89,EURO,2026-03-08,2027-03-02,check rate,Seven whose nature hour effect example history.,True,False,,,New Lane
HYD,LKO,,,,,HYD-LKO,BlueDart,3812.0,179.57,INR,2026-03-26,2026-03-09,,Most political we wall husband right citizen.,True,False,,,New Lane
HYD,LKO,,,,,HYD-LKO,BlueDart,537.0,467.97,inr,2025-09-22,2026-06-13,,Play consumer expect stock information hotel from.,True,False,,,New Lane
HYD,LKO,,,,,HYD-LKO,CargoMax,4495.0,353.96,,2025-06-28,2025-12-08,,Issue note billion family.,True,False,,,New Lane
HYD,LKO,,,,,HYD-LKO,LogiX,2408.0,115.46,Usd,2025-08-12,2025-08-10,check rate,Able different level long.,True,False,,,New Lane
HYD,LKO,,,,,HYD-LKO,BlueDart,4318.0,232.05,EURO,2026-03-21,2026-10-16,Urgent,Design including machine full.,True,False,,,New Lane
HYD,LKO,,,,,HYD-LKO,CargoMax,1923.0,260.44,EURO,2025-08-25,2025-09-20,,As voice company ok.,True,False,,,New Lane
HYD,LKO,,,,,HYD-LKO,LogiX,3507.0,318.01,Usd,2025-07-30,2025-08-26,Urgent,Site yard picture.,True,False,,,New Lane
HYD,LKO,,,,,HYD-LKO,BlueDart,4197.0,273.93,,2025-06-14,2026-03-19,Special handling,Activity Mrs night good.,True,False,,,New Lane
HYD,LKO,,,,,HYD-LKO,FastMove,4002.0,49.55,usd,2025-06-06,2026-02-16,check rate,Campaign coach central still class.,True,False,,,New Lane
HYD,LKO,,,,,HYD-LKO,LogiX,4220.0,478.7,EURO,2025-06-30,2025-12-18,priority,Member majority number own product.,True,False,,,New Lane
HYD,LKO,,,,,HYD-LKO,CargoMax,4500.0,498.48,inr,2025-06-22,2025-11-07,,Sing compare easy former television.,True,False,,,New Lane
HYD,LKO,,,,,HYD-LKO,FastMove,2434.0,17.3,usd,2026-04-23,2026-04-18,check rate,Open position inside drug.,True,False,,,New Lane
HYD,NAG,,,,,HYD-NAG,QuickShip,2050.0,343.84,INR,2025-06-26,2026-01-16,,Best treatment society financial fund job.,True,False,,,New Lane
HYD,NAG,,,,,HYD-NAG,CargoMax,2352.0,136.69,inr,2025-05-14,2025-04-04,check rate,Heavy alone by safe relate use later.,True,False,,,New Lane
HYD,NAG,,,,,HYD-NAG,BlueDart,2428.0,342.8,inr,2025-10-17,2025-10-21,priority,Prove window put try arm general economy.,True,False,,,New Lane
HYD,NAG,,,,,HYD-NAG,LogiX,3466.0,420.94,,2025-08-29,2025-11-26,,Which like right political garden.,True,False,,,New Lane
HYD,NAG,,,,,HYD-NAG,FastMove,4387.0,455.71,INR,2026-03-16,2026-03-18,priority,Art fine still own.,True,False,,,New Lane
HYD,NAG,,,,,HYD-NAG,LogiX,2048.0,446.41,Usd,2025-06-12,2025-08-29,Urgent,Color a according whether see media.,True,False,,,New Lane
HYD,NAG,,,,,HYD-NAG,LogiX,1220.0,46.04,usd,2025-06-30,2025-08-13,priority,Main tend oil figure.,True,False,,,New Lane
HYD,NAG,,,,,HYD-NAG,CargoMax,804.0,328.63,INR,2025-12-31,2026-10-13,check rate,Trade add age rule.,True,False,,,New Lane
HYD,NAG,,,,,HYD-NAG,QuickShip,1797.0,131.99,,2025-12-19,2026-04-18,Special handling,Within move better step child.,True,False,,,New Lane
HYD,NAG,,,,,HYD-NAG,LogiX,4021.0,385.69,EURO,2025-05-31,2025-09-01,check rate,Here just reflect call.,True,False,,,New Lane
HYD,NAG,,,,,HYD-NAG,LogiX,4678.0,194.72,usd,2025-06-09,2026-02-07,,Walk people medical reach five news.,True,False,,,New Lane
HYD,NAG,,,,,HYD-NAG,FastMove,3390.0,427.72,inr,2025-09-02,2026-05-30,,Situation put institution south.,True,False,,,New Lane
HYD,NAG,,,,,HYD-NAG,LogiX,3466.0,420.94,,2025-08-29,2025-11-26,,Which like right political garden.,True,False,,,New Lane
HYD,NAG,,,,,HYD-NAG,QuickShip,2469.0,387.92,inr,2025-11-11,2026-06-27,,Large firm pay alone from truth.,True,False,,,New Lane
HYD,NAG,,,,,HYD-NAG,LogiX,2145.0,160.68,,2026-04-30,2027-04-06,,Protect thus author phone order offer.,True,False,,,New Lane
HYD,NAG,,,,,HYD-NAG,QuickShip,2469.0,387.92,inr,2025-11-11,2026-06-27,,Large firm pay alone from truth.,True,False,,,New Lane
HYD,PAT,,,,,HYD-PAT,FastMove,3873.0,81.37,Usd,2026-01-05,2026-07-28,priority,Result house year over fund you.,True,False,,,New Lane
HYD,PAT,,,,,HYD-PAT,LogiX,3209.0,115.8,,2025-09-15,2026-06-01,Special handling,Parent especially visit oil my.,True,False,,,New Lane
HYD,PAT,,,,,HYD-PAT,CargoMax,2474.0,59.89,,2025-06-30,2025-07-10,,Project specific want than yet operation position.,True,False,,,New Lane
HYD,PAT,,,,,HYD-PAT,CargoMax,4139.0,482.31,usd,2025-07-19,2026-04-14,,Experience partner wall even short reduce here couple.,True,False,,,New Lane
HYD,PAT,,,,,HYD-PAT,FastMove,3265.0,380.56,,2025-11-30,2025-11-17,,Wind thought out growth onto heart.,True,False,,,New Lane
HYD,PAT,,,,,HYD-PAT,LogiX,3209.0,115.8,,2025-09-15,2026-06-01,Special handling,Parent especially visit oil my.,True,False,,,New Lane
HYD,PAT,,,,,HYD-PAT,CargoMax,70380.0,203.38,,2025-12-09,2026-03-02,Urgent,Option can around weight.,True,False,,,New Lane
HYD,PAT,,,,,HYD-PAT,QuickShip,2295.0,180.11,INR,2025-05-26,2025-06-28,check rate,National involve weight word be.,True,False,,,New Lane
HYD,PAT,,,,,HYD-PAT,LogiX,4233.0,166.72,usd,2025-11-26,2025-11-09,priority,New election country standard consider spend receive.,True,False,,,New Lane
HYD,PAT,,,,,HYD-PAT,QuickShip,1703.0,76.39,Usd,2025-08-29,2026-08-17,check rate,Not care approach tree answer once.,True,False,,,New Lane
HYD,PAT,,,,,HYD-PAT,CargoMax,2311.0,236.65,EURO,2025-12-26,2025-12-11,priority,It number test likely wrong kid.,True,False,,,New Lane
HYD,PAT,,,,,HYD-PAT,FastMove,2669.0,381.23,usd,2025-09-28,2026-06-01,Special handling,Model by data learn maintain type near.,True,False,,,New Lane
HYD,PAT,,,,,HYD-PAT,BlueDart,4095.0,330.72,INR,2025-05-29,2026-01-15,Special handling,City particular remember other common bank give.,True,False,,,New Lane
HYD,PAT,,,,,HYD-PAT,QuickShip,843.0,441.55,inr,2026-03-10,2027-02-17,,Pass energy force discussion development in free.,True,False,,,New Lane
HYD,PAT,,,,,HYD-PAT,CargoMax,2599.0,220.28,EURO,2025-08-22,2025-12-09,check rate,Reach risk individual decision clearly create message.,True,False,,,New Lane
HYD,PAT,,,,,HYD-PAT,CargoMax,1073.0,11.12,,2025-09-26,2025-12-23,priority,Value where explain school go financial.,True,False,,,New Lane
HYD,PAT,,,,,HYD-PAT ,BlueDart,4986.0,118.92,usd,2026-04-07,2027-03-06,priority,Wrong specific direction art measure Mr born wear.,True,False,,,New Lane
HYD,PAT,,,,,HYD-PAT,CargoMax,4117.0,316.44,usd,2025-09-27,2025-10-11,,Situation game black list class.,True,False,,,New Lane
HYD,PAT,,,,,HYD-PAT,LogiX,3209.0,115.8,,2025-09-15,2026-06-01,Special handling,Parent especially visit oil my.,True,False,,,New Lane
HYD,SUR,,,,,HYD-SUR,QuickShip,3799.0,99.14,,2025-05-16,2026-04-24,Urgent,Two recent work small cause common describe.,True,False,,,New Lane
HYD,SUR,,,,,HYD-SUR,LogiX,2956.0,110.03,usd,2026-01-19,2026-03-10,priority,Professor professor sign over.,True,False,,,New Lane
HYD,SUR,,,,,HYD-SUR,BlueDart,664.0,358.52,usd,2026-03-26,2026-03-20,Special handling,Around project today happy.,True,False,,,New Lane
HYD,SUR,,,,,HYD-SUR,FastMove,1529.0,487.91,INR,2025-06-12,2026-05-01,,Tax view unit four cell huge.,True,False,,,New Lane
HYD,SUR,,,,,HYD-SUR,QuickShip,47300.0,460.14,INR,2025-06-03,2026-05-01,Special handling,Media financial keep should middle face.,True,False,,,New Lane
HYD,SUR,,,,,HYD-SUR,FastMove,3536.0,273.77,Usd,2025-10-10,2025-11-02,,Receive present country.,True,False,,,New Lane
HYD,SUR,,,,,HYD-SUR,BlueDart,4251.0,179.49,,2025-12-13,2026-05-12,priority,Line quickly pull argue again.,True,False,,,New Lane
HYD,SUR,,,,,HYD-SUR,LogiX,3791.0,154.65,inr,2026-03-19,2026-05-15,check rate,Approach half himself view our build.,True,False,,,New Lane
HYD,SUR,,,,,HYD-SUR,LogiX,2057.0,142.32,inr,2025-08-05,2026-01-16,priority,Food allow serve heavy story until.,True,False,,,New Lane
HYD,SUR,,,,,HYD-SUR,BlueDart,4440.0,490.62,Usd,2025-11-14,2025-12-12,,Court item last science you majority.,True,False,,,New Lane
HYD,SUR,,,,,HYD-SUR,CargoMax,3073.0,245.1,Usd,2026-03-27,2027-01-08,,Spring moment describe agreement.,True,False,,,New Lane
HYD,SUR,,,,,HYD-SUR,FastMove,1410.0,334.16,Usd,2026-03-05,2026-09-17,Urgent,Read eat tree practice else raise born.,True,False,,,New Lane
HYD,SUR,,,,,HYD-SUR,FastMove,1155.0,246.27,Usd,2025-10-08,2026-08-21,priority,Reflect a once we.,True,False,,,New Lane
HYD,SUR,,,,,HYD-SUR,BlueDart,1407.0,204.49,,2026-02-10,2026-03-03,Urgent,Growth poor never build operation class.,True,False,,,New Lane
HYD,SUR,,,,,HYD-SUR,QuickShip,591.0,216.93,EURO,2025-09-15,2025-10-10,check rate,Begin everyone economic enough.,True,False,,,New Lane
HYD,SUR,,,,,HYD-SUR,FastMove,635.0,357.3,usd,2025-12-21,2025-11-27,,Know account service they.,True,False,,,New Lane
HYD,SUR,,,,,HYD-SUR,BlueDart,1358.0,430.29,INR,2025-05-19,2025-08-03,,Model manage report idea sport.,True,False,,,New Lane
HYD,SUR,,,,,HYD-SUR,BlueDart,769.0,388.04,EURO,2025-06-30,2025-05-18,,Create of author trade to.,True,False,,,New Lane
HYD,SUR,,,,,HYD-SUR,FastMove,3610.0,479.28,usd,2025-07-11,2025-12-11,priority,All north program smile science all career charge.,True,False,,,New Lane
"Hamburg, DE","Marseille, FR",Maersk Line,3481.27,GBP,2025-12-29,,,,,,,,,,False,True,,,Removed Lane
"Hamburg, DE","New York, US",Oceanic Logistics,1845.22,USD,2026-01-07,,,,,,,,,,False,True,,,Removed Lane
"Hamburg, DE","Santos, BR",Global Freight Corp,880.13,EUR,2026-03-07,,,,,,,,,,False,True,,,Removed Lane
"Hamburg, DE","Santos, BR",Evergreen Marine,2947.0,EUR,2026-04-11,,,,,,,,,,False,True,,,Removed Lane
KOL,BPL,,,,,KOL-BPL,FastMove,4447.0,337.5,Usd,2025-10-09,2025-10-03,Special handling,Bank scientist bill right part.,True,False,,,New Lane
KOL,BPL,,,,,KOL-BPL ,FastMove,597.0,472.9,inr,2025-07-21,2025-09-10,check rate,Why condition throw child off low again.,True,False,,,New Lane
KOL,BPL,,,,,KOL-BPL,FastMove,2410.0,134.51,INR,2026-05-02,2026-03-16,,Think imagine difficult personal.,True,False,,,New Lane
KOL,BPL,,,,,KOL-BPL,BlueDart,4895.0,104.89,Usd,2025-11-07,2025-10-18,priority,Fish low woman try.,True,False,,,New Lane
KOL,BPL,,,,,KOL-BPL,FastMove,2377.0,364.58,usd,2025-08-27,2025-09-25,,Television example opportunity food put activity.,True,False,,,New Lane
KOL,BPL,,,,,KOL-BPL,BlueDart,1008.0,290.94,INR,2025-08-20,2026-06-21,priority,Line exactly bad then walk always impact.,True,False,,,New Lane
KOL,BPL,,,,,KOL-BPL,FastMove,1643.0,90.7,INR,2025-08-17,2025-09-24,check rate,School himself simple into industry off.,True,False,,,New Lane
KOL,BPL,,,,,KOL-BPL ,BlueDart,1054.0,32.6,INR,2025-12-07,2026-04-20,,Address ball discover pretty shake husband industry.,True,False,,,New Lane
KOL,BPL,,,,,KOL-BPL,QuickShip,4558.0,242.26,,2026-03-10,2027-03-09,,Guy certain culture risk sound paper.,True,False,,,New Lane
KOL,BPL,,,,,KOL-BPL,BlueDart,3633.0,333.33,INR,2025-06-12,2025-08-21,,Support concern enjoy how crime way once.,True,False,,,New Lane
KOL,BPL,,,,,KOL-BPL,FastMove,4039.0,50.15,inr,2025-07-03,2026-06-29,,Run reveal even describe.,True,False,,,New Lane
KOL,BPL,,,,,KOL-BPL,QuickShip,1258.0,18.57,INR,2026-02-15,2026-04-22,Urgent,Nature hospital look specific family.,True,False,,,New Lane
KOL,BPL,,,,,KOL-BPL,QuickShip,3589.0,298.1,EURO,2025-08-25,2026-07-10,priority,Surface meeting character any yeah.,True,False,,,New Lane
KOL,BPL,,,,,KOL-BPL ,BlueDart,17720.0,444.64,usd,2025-10-14,2026-06-29,,Such television question star make now.,True,False,,,New Lane
KOL,BPL,,,,,KOL-BPL,FastMove,4039.0,50.15,inr,2025-07-03,2026-06-29,,Run reveal even describe.,True,False,,,New Lane
KOL,BPL,,,,,KOL-BPL,QuickShip,1258.0,18.57,INR,2026-02-15,2026-04-22,Urgent,Nature hospital look specific family.,True,False,,,New Lane
KOL,BPL,,,,,KOL-BPL,CargoMax,4432.0,95.08,EURO,2025-09-11,2026-02-28,check rate,Boy account actually short without PM.,True,False,,,New Lane
KOL,BPL,,,,,KOL-BPL,FastMove,1643.0,90.7,INR,2025-08-17,2025-09-24,check rate,School himself simple into industry off.,True,False,,,New Lane
KOL,BPL,,,,,KOL-BPL,CargoMax,699.0,350.62,EURO,2026-03-08,2026-10-26,Urgent,Technology then do reflect from.,True,False,,,New Lane
KOL,BPL,,,,,KOL-BPL,QuickShip,3393.0,428.86,INR,2026-01-14,2026-06-02,Urgent,Former think glass establish job really address.,True,False,,,New Lane
KOL,BPL,,,,,KOL-BPL,CargoMax,848.0,387.16,EURO,2026-02-28,2026-05-30,Special handling,Small Mrs glass song.,True,False,,,New Lane
KOL,BPL,,,,,KOL-BPL,QuickShip,3888.0,329.21,Usd,2026-03-22,2026-02-19,priority,Level seem answer possible cell.,True,False,,,New Lane
KOL,BPL,,,,,KOL-BPL,LogiX,2028.0,237.57,,2025-06-27,2025-07-25,priority,Concern a despite area.,True,False,,,New Lane
KOL,GOI,,,,,KOL-GOI,FastMove,3429.0,87.19,EURO,2025-12-27,2026-01-18,,Material laugh raise relate.,True,False,,,New Lane
KOL,GOI,,,,,KOL-GOI,FastMove,1234.0,148.1,usd,2026-01-09,2026-02-16,priority,Though matter work manager instead art put.,True,False,,,New Lane
KOL,GOI,,,,,KOL-GOI,FastMove,3869.0,126.66,inr,2025-10-10,2026-01-24,Special handling,Field all trial its.,True,False,,,New Lane
KOL,GOI,,,,,KOL-GOI,CargoMax,1690.0,429.45,,2025-10-02,2025-08-20,priority,Policy everyone family consider pass.,True,False,,,New Lane
KOL,GOI,,,,,KOL-GOI,BlueDart,2174.0,294.25,inr,2025-07-31,2025-06-26,check rate,You TV hard performance fast no.,True,False,,,New Lane
KOL,GOI,,,,,KOL-GOI ,QuickShip,3951.0,304.33,inr,2025-09-08,2025-09-21,,Scene Democrat just work too box our.,True,False,,,New Lane
KOL,GOI,,,,,KOL-GOI,CargoMax,2291.0,279.68,Usd,2025-09-20,2026-02-04,Urgent,Rather care apply city picture walk way.,True,False,,,New Lane
KOL,GOI,,,,,KOL-GOI,QuickShip,1703.0,323.77,EURO,2025-07-09,2025-07-18,Special handling,Police never leave others happen western.,True,False,,,New Lane
KOL,GOI,,,,,KOL-GOI,LogiX,2989.0,438.33,INR,2026-01-15,2025-12-29,,Tv paper Republican likely.,True,False,,,New Lane
KOL,GOI,,,,,KOL-GOI,LogiX,4808.0,287.16,INR,2026-02-06,2026-03-16,Urgent,Box school new oil adult material.,True,False,,,New Lane
KOL,GOI,,,,,KOL-GOI,FastMove,3429.0,87.19,EURO,2025-12-27,2026-01-18,,Material laugh raise relate.,True,False,,,New Lane
KOL,GOI,,,,,KOL-GOI,CargoMax,4924.0,343.32,inr,2025-08-12,2026-07-20,Special handling,Up ground move level lead sit policy ground.,True,False,,,New Lane
KOL,GOI,,,,,KOL-GOI,FastMove,1234.0,148.1,usd,2026-01-09,2026-02-16,priority,Though matter work manager instead art put.,True,False,,,New Lane
KOL,GOI,,,,,KOL-GOI,QuickShip,4557.0,289.36,Usd,2025-05-26,2025-11-18,Urgent,Reality art food floor success.,True,False,,,New Lane
KOL,GOI,,,,,KOL-GOI,CargoMax,2501.0,102.81,usd,2026-03-07,2026-02-16,priority,I adult bill young end.,True,False,,,New Lane
KOL,GOI,,,,,KOL-GOI,CargoMax,3884.0,233.53,usd,2026-03-12,2026-03-01,,Left boy generation area green.,True,False,,,New Lane
KOL,GOI,,,,,KOL-GOI,LogiX,2934.0,379.85,INR,2025-10-30,2026-05-26,priority,That measure reduce agree reveal quality on.,True,False,,,New Lane
KOL,GOI,,,,,KOL-GOI,FastMove,3915.0,494.7,INR,2026-05-04,2026-06-16,,Final something notice water article from.,True,False,,,New Lane
KOL,GOI,,,,,KOL-GOI,QuickShip,3941.0,358.5,EURO,2026-05-09,2026-08-05,,Present behavior every imagine month.,True,False,,,New Lane
KOL,GOI,,,,,KOL-GOI,BlueDart,3364.0,359.06,inr,2025-10-23,2026-02-22,Special handling,Heavy stock I throw smile hard.,True,False,,,New Lane
KOL,GOI,,,,,KOL-GOI,CargoMax,2501.0,102.81,usd,2026-03-07,2026-02-16,priority,I adult bill young end.,True,False,,,New Lane
KOL,IND,,,,,KOL-IND,BlueDart,670.0,100.21,EURO,2025-07-09,2025-10-28,priority,May drop although century.,True,False,,,New Lane
KOL,IND,,,,,KOL-IND,QuickShip,591.0,419.28,usd,2026-02-12,2026-08-02,,Understand whether focus interesting structure worker like.,True,False,,,New Lane
KOL,IND,,,,,KOL-IND,FastMove,4400.0,270.21,Usd,2026-04-16,2026-04-04,priority,Employee section even item attack five.,True,False,,,New Lane
KOL,IND,,,,,KOL-IND,QuickShip,4653.0,66.31,,2025-05-30,2026-02-20,Urgent,Audience region another special.,True,False,,,New Lane
KOL,IND,,,,,KOL-IND,FastMove,719.0,55.14,inr,2025-07-30,2025-10-22,Urgent,Sign decade produce suddenly some during.,True,False,,,New Lane
KOL,IND,,,,,KOL-IND,CargoMax,2417.0,444.45,inr,2025-10-19,2026-07-18,check rate,Green very news soldier middle phone foreign.,True,False,,,New Lane
KOL,IND,,,,,KOL-IND,QuickShip,885.0,179.83,Usd,2025-10-01,2025-09-04,Special handling,Avoid music player question against large.,True,False,,,New Lane
KOL,IND,,,,,KOL-IND ,CargoMax,1924.0,456.93,INR,2025-07-21,2025-08-27,check rate,Usually word news west not us.,True,False,,,New Lane
KOL,IND,,,,,KOL-IND,BlueDart,666.0,100.64,usd,2026-02-18,2026-04-27,Special handling,Increase customer cell five send traditional Democrat.,True,False,,,New Lane
KOL,IND,,,,,KOL-IND,FastMove,4078.0,269.78,usd,2025-09-07,2026-06-12,,Buy food region rich particularly young.,True,False,,,New Lane
KOL,IND,,,,,KOL-IND,FastMove,2011.0,499.02,usd,2025-08-01,2026-04-06,Urgent,Kid listen huge Republican reduce morning.,True,False,,,New Lane
KOL,IND,,,,,KOL-IND,LogiX,3728.0,105.21,usd,2025-07-31,2026-04-03,,Religious rest program reality.,True,False,,,New Lane
KOL,IND,,,,,KOL-IND,CargoMax,2417.0,444.45,inr,2025-10-19,2026-07-18,check rate,Green very news soldier middle phone foreign.,True,False,,,New Lane
KOL,IND,,,,,KOL-IND,LogiX,4741.0,165.04,usd,2025-09-21,2025-12-18,priority,Become significant ago stuff chance might remember.,True,False,,,New Lane
KOL,IND,,,,,KOL-IND,CargoMax,3978.0,358.87,,2026-04-25,2027-01-09,Special handling,Just which generation simply born.,True,False,,,New Lane
KOL,IND,,,,,KOL-IND,LogiX,1603.0,313.08,EURO,2025-05-31,2026-03-10,Urgent,Agree sense whose stop away bed individual wish.,True,False,,,New Lane
KOL,IND,,,,,KOL-IND,BlueDart,3207.0,415.81,,2025-08-12,2025-09-05,,American blood yes into financial.,True,False,,,New Lane
KOL,JPR,,,,,KOL-JPR,CargoMax,4976.0,36.74,usd,2026-04-06,2026-06-29,Special handling,Address through finally product.,True,False,,,New Lane
KOL,JPR,,,,,KOL-JPR,FastMove,798.0,101.64,INR,2025-08-04,2026-05-21,priority,Actually sell wonder such speak analysis five.,True,False,,,New Lane
KOL,JPR,,,,,KOL-JPR,QuickShip,1813.0,37.75,usd,2026-04-28,2027-01-29,priority,Perform environment discuss deal human watch life entire.,True,False,,,New Lane
KOL,JPR,,,,,KOL-JPR,FastMove,3880.0,452.98,EURO,2025-09-11,2026-04-01,check rate,Along marriage begin pressure nor election more investment.,True,False,,,New Lane
KOL,JPR,,,,,KOL-JPR,CargoMax,4976.0,36.74,usd,2026-04-06,2026-06-29,Special handling,Address through finally product.,True,False,,,New Lane
KOL,JPR,,,,,KOL-JPR,QuickShip,4989.0,341.3,inr,2025-09-16,2026-08-10,,Occur resource manage reality face Democrat including.,True,False,,,New Lane
KOL,JPR,,,,,KOL-JPR,QuickShip,636.0,86.69,usd,2025-07-30,2026-07-25,,If anything floor condition.,True,False,,,New Lane
KOL,JPR,,,,,KOL-JPR,LogiX,630.0,331.77,EURO,2026-01-18,2026-02-04,priority,Series house despite prevent notice.,True,False,,,New Lane
KOL,JPR,,,,,KOL-JPR,CargoMax,4121.0,101.79,INR,2026-03-20,2027-01-12,,Coach open room cultural.,True,False,,,New Lane
KOL,JPR,,,,,KOL-JPR,QuickShip,3582.0,371.71,EURO,2025-10-08,2025-11-12,check rate,Number together find.,True,False,,,New Lane
KOL,JPR,,,,,KOL-JPR,LogiX,4732.0,173.01,inr,2025-11-07,2026-06-02,,Weight physical spend.,True,False,,,New Lane
KOL,JPR,,,,,KOL-JPR,LogiX,3171.0,462.45,,2026-04-13,2026-05-30,Special handling,Land huge become agree.,True,False,,,New Lane
KOL,JPR,,,,,KOL-JPR,QuickShip,1035.0,278.07,usd,2025-07-31,2025-08-03,Special handling,Walk arrive relate close walk.,True,False,,,New Lane
KOL,JPR,,,,,KOL-JPR,QuickShip,871.0,27.68,inr,2026-04-09,2026-05-03,Special handling,Radio film song oil.,True,False,,,New Lane
KOL,JPR,,,,,KOL-JPR,CargoMax,3490.0,56.85,Usd,2025-10-19,2026-03-09,,Rock management similar visit capital nice.,True,False,,,New Lane
KOL,JPR,,,,,KOL-JPR,CargoMax,52740.0,484.53,INR,2025-07-21,2026-06-09,,Rather human mind executive act.,True,False,,,New Lane
KOL,JPR,,,,,KOL-JPR,BlueDart,3401.0,170.71,EURO,2025-06-30,2025-11-28,check rate,Growth dog history style war skin.,True,False,,,New Lane
KOL,JPR,,,,,KOL-JPR,QuickShip,1396.0,468.45,,2025-10-20,2026-09-12,Urgent,Want might thank such down behavior region generation.,True,False,,,New Lane
KOL,JPR,,,,,KOL-JPR,QuickShip,2355.0,447.58,usd,2025-06-04,2026-04-02,,Safe leader fire company easy.,True,False,,,New Lane
KOL,JPR,,,,,KOL-JPR,CargoMax,4201.0,41.72,inr,2026-01-15,2026-01-20,priority,More debate daughter professor believe.,True,False,,,New Lane
KOL,JPR,,,,,KOL-JPR,QuickShip,2355.0,447.58,usd,2025-06-04,2026-04-02,,Safe leader fire company easy.,True,False,,,New Lane
KOL,LKO,,,,,KOL-LKO,BlueDart,1413.0,445.17,usd,2026-04-23,2026-08-05,Special handling,Quite peace western available particular western house.,True,False,,,New Lane
KOL,LKO,,,,,KOL-LKO,QuickShip,3735.0,429.15,INR,2026-04-15,2026-10-13,check rate,Work health similar.,True,False,,,New Lane
KOL,LKO,,,,,KOL-LKO,QuickShip,3049.0,310.22,Usd,2025-11-30,2026-02-03,,Bed loss level attorney.,True,False,,,New Lane
KOL,LKO,,,,,KOL-LKO,QuickShip,1542.0,168.83,INR,2026-03-11,2026-08-13,,Ago choose magazine thus possible.,True,False,,,New Lane
KOL,LKO,,,,,KOL-LKO,CargoMax,720.0,13.0,usd,2025-12-26,2026-03-22,priority,Water president newspaper analysis offer rise at.,True,False,,,New Lane
KOL,LKO,,,,,KOL-LKO,QuickShip,4448.0,414.74,EURO,2025-12-04,2026-02-28,priority,Benefit others no.,True,False,,,New Lane
KOL,LKO,,,,,KOL-LKO,CargoMax,3631.0,385.99,EURO,2025-11-26,2026-05-21,Special handling,Experience room political hard.,True,False,,,New Lane
KOL,LKO,,,,,KOL-LKO,CargoMax,4710.0,323.35,inr,2025-06-27,2026-02-05,Special handling,Consumer various population member center pressure spend.,True,False,,,New Lane
KOL,LKO,,,,,KOL-LKO,QuickShip,3170.0,353.88,INR,2026-03-26,2026-04-25,Urgent,Available research really growth relationship.,True,False,,,New Lane
KOL,LKO,,,,,KOL-LKO,QuickShip,4502.0,127.45,EURO,2025-10-03,2025-09-18,,Fire light particularly car rate increase.,True,False,,,New Lane
KOL,LKO,,,,,KOL-LKO,CargoMax,2281.0,144.32,,2026-01-21,2026-02-22,,Rate investment leave account.,True,False,,,New Lane
KOL,LKO,,,,,KOL-LKO,FastMove,2435.0,25.43,Usd,2025-05-28,2025-05-14,,On history interview.,True,False,,,New Lane
KOL,LKO,,,,,KOL-LKO,CargoMax,720.0,13.0,usd,2025-12-26,2026-03-22,priority,Water president newspaper analysis offer rise at.,True,False,,,New Lane
KOL,LKO,,,,,KOL-LKO,FastMove,4179.0,25.79,,2026-04-01,2026-10-15,Special handling,How soldier like concern professional old beat.,True,False,,,New Lane
KOL,LKO,,,,,KOL-LKO,QuickShip,2590.0,224.12,,2026-04-22,2027-01-28,,Series leg city action.,True,False,,,New Lane
KOL,NAG,,,,,KOL-NAG,LogiX,657.0,55.52,inr,2025-06-30,2026-03-08,Urgent,Line mission member movement social meeting discussion.,True,False,,,New Lane
KOL,NAG,,,,,KOL-NAG,LogiX,1369.0,442.18,INR,2025-06-09,2026-06-01,,Management finish democratic medical piece ahead pass.,True,False,,,New Lane
KOL,NAG,,,,,KOL-NAG,QuickShip,2813.0,68.33,inr,2025-09-04,2026-06-25,Special handling,Lose full human election around.,True,False,,,New Lane
KOL,NAG,,,,,KOL-NAG,QuickShip,3414.0,393.06,EURO,2026-02-16,2027-02-12,Special handling,Order west feel.,True,False,,,New Lane
KOL,NAG,,,,,KOL-NAG,QuickShip,3694.0,184.53,usd,2025-08-29,2025-11-25,Urgent,Everyone effort traditional pay senior specific.,True,False,,,New Lane
KOL,NAG,,,,,KOL-NAG,FastMove,3231.0,440.85,usd,2025-08-07,2026-05-23,priority,Almost act follow.,True,False,,,New Lane
KOL,NAG,,,,,KOL-NAG,QuickShip,4317.0,88.04,INR,2025-06-30,2026-04-28,Special handling,Military example official music push his final.,True,False,,,New Lane
KOL,NAG,,,,,KOL-NAG,BlueDart,1297.0,298.92,inr,2026-04-23,2026-04-16,,Study anything start despite necessary central economic ask.,True,False,,,New Lane
KOL,NAG,,,,,KOL-NAG,CargoMax,3438.0,68.98,,2026-01-31,2026-05-28,,Data piece throughout some once.,True,False,,,New Lane
KOL,NAG,,,,,KOL-NAG ,CargoMax,1435.0,180.76,usd,2025-06-05,2025-06-09,priority,Group figure ahead somebody executive.,True,False,,,New Lane
KOL,NAG,,,,,KOL-NAG,FastMove,1159.0,288.59,usd,2025-09-17,2026-06-29,priority,Bed ahead such parent order bad.,True,False,,,New Lane
KOL,NAG,,,,,KOL-NAG,CargoMax,2034.0,434.65,inr,2026-02-21,2026-02-11,priority,Modern ask choice few.,True,False,,,New Lane
KOL,NAG,,,,,KOL-NAG,FastMove,1725.0,468.73,,2026-01-29,2026-01-08,Special handling,Training discuss consumer play fine among.,True,False,,,New Lane
KOL,NAG,,,,,KOL-NAG,QuickShip,3186.0,67.68,,2025-05-22,2025-09-07,,On hundred least instead note either onto.,True,False,,,New Lane
KOL,NAG,,,,,KOL-NAG,LogiX,3974.0,434.57,usd,2025-12-14,2026-04-04,priority,None century give throughout car when ready operation.,True,False,,,New Lane
KOL,NAG,,,,,KOL-NAG,CargoMax,1341.0,484.44,INR,2025-08-02,2026-06-01,Urgent,Bit standard company.,True,False,,,New Lane
KOL,NAG,,,,,KOL-NAG,LogiX,4536.0,309.11,inr,2026-02-28,2026-04-22,Urgent,Same fact senior individual.,True,False,,,New Lane
KOL,NAG,,,,,KOL-NAG,CargoMax,4183.0,350.1,,2025-10-30,2025-09-16,Urgent,Mother feeling sometimes parent.,True,False,,,New Lane
KOL,NAG,,,,,KOL-NAG,BlueDart,1538.0,16.34,inr,2025-07-07,2025-07-04,check rate,Wrong deal upon ahead.,True,False,,,New Lane
KOL,NAG,,,,,KOL-NAG,CargoMax,2979.0,417.58,EURO,2025-09-05,2026-03-16,,Project sure type perform national miss.,True,False,,,New Lane
KOL,NAG,,,,,KOL-NAG,FastMove,3792.0,468.48,Usd,2025-10-11,2026-04-15,Special handling,Democratic political discussion shoulder similar similar.,True,False,,,New Lane
KOL,NAG,,,,,KOL-NAG,BlueDart,3399.0,377.56,,2026-05-04,2026-11-23,check rate,Final factor open energy consider career baby.,True,False,,,New Lane
KOL,NAG,,,,,KOL-NAG,CargoMax,1607.0,34.78,,2025-08-08,2026-01-15,Urgent,Something new here ok key project answer.,True,False,,,New Lane
KOL,NAG,,,,,KOL-NAG,CargoMax,3427.0,102.98,INR,2025-10-01,2025-10-09,Special handling,Firm door prove hear.,True,False,,,New Lane
KOL,PAT,,,,,KOL-PAT,LogiX,4746.0,266.2,inr,2025-12-02,2026-02-16,Special handling,Land suddenly game raise visit agency mean plant.,True,False,,,New Lane
KOL,PAT,,,,,KOL-PAT,LogiX,757.0,244.65,Usd,2026-02-23,2027-01-28,priority,Space lose break food.,True,False,,,New Lane
KOL,PAT,,,,,KOL-PAT,LogiX,3930.0,33.03,Usd,2026-04-20,2026-12-31,,Team tough tree.,True,False,,,New Lane
KOL,PAT,,,,,KOL-PAT,CargoMax,4573.0,275.68,,2025-06-01,2025-05-12,,Dog economic point improve.,True,False,,,New Lane
KOL,PAT,,,,,KOL-PAT,LogiX,2403.0,112.37,inr,2025-08-02,2026-01-05,check rate,South by every human.,True,False,,,New Lane
KOL,PAT,,,,,KOL-PAT,FastMove,3817.0,53.53,Usd,2026-03-05,2026-12-02,priority,Sea happen kind fish hear myself mention threat.,True,False,,,New Lane
KOL,PAT,,,,,KOL-PAT,LogiX,1517.0,330.13,INR,2025-10-01,2026-09-24,,Bill season decision.,True,False,,,New Lane
KOL,PAT,,,,,KOL-PAT,FastMove,3989.0,330.32,inr,2026-02-13,2026-11-30,priority,There speak you high look.,True,False,,,New Lane
KOL,PAT,,,,,KOL-PAT,QuickShip,4348.0,487.22,EURO,2025-08-10,2026-02-27,Urgent,Ahead bit he science room little.,True,False,,,New Lane
KOL,PAT,,,,,KOL-PAT,QuickShip,2264.0,150.18,INR,2025-12-15,2026-09-09,check rate,No either walk improve specific use when change.,True,False,,,New Lane
KOL,PAT,,,,,KOL-PAT,CargoMax,1599.0,142.74,usd,2026-05-06,2027-03-14,,Seek happen data black exactly interview.,True,False,,,New Lane
KOL,PAT,,,,,KOL-PAT,BlueDart,2641.0,130.99,EURO,2025-08-03,2026-08-02,,Believe case return arrive.,True,False,,,New Lane
KOL,PAT,,,,,KOL-PAT,FastMove,1134.0,98.28,,2025-09-21,2026-02-04,priority,In know education program together.,True,False,,,New Lane
KOL,PAT,,,,,KOL-PAT,QuickShip,4139.0,195.76,EURO,2025-12-08,2026-05-11,Special handling,Keep top statement mouth democratic season.,True,False,,,New Lane
KOL,PAT,,,,,KOL-PAT,CargoMax,1599.0,142.74,usd,2026-05-06,2027-03-14,,Seek happen data black exactly interview.,True,False,,,New Lane
KOL,PAT,,,,,KOL-PAT,LogiX,1014.0,223.45,usd,2025-06-15,2026-04-04,,Sing billion scene view cause.,True,False,,,New Lane
KOL,PAT,,,,,KOL-PAT,CargoMax,2034.0,229.42,inr,2026-02-13,2026-02-23,,Help happen treat herself success difference.,True,False,,,New Lane
KOL,PAT,,,,,KOL-PAT,BlueDart,835.0,34.37,usd,2025-12-17,2026-01-03,priority,Form let identify involve throw white throw.,True,False,,,New Lane
KOL,SUR,,,,,KOL-SUR,LogiX,4851.0,396.71,INR,2025-09-27,2025-12-18,check rate,Our magazine family.,True,False,,,New Lane
KOL,SUR,,,,,KOL-SUR,BlueDart,1577.0,362.16,Usd,2026-04-19,2027-01-20,check rate,Want support TV season page owner campaign.,True,False,,,New Lane
KOL,SUR,,,,,KOL-SUR,LogiX,4120.0,98.1,Usd,2025-12-02,2025-11-13,priority,Coach hospital general among.,True,False,,,New Lane
KOL,SUR,,,,,KOL-SUR,CargoMax,4016.0,251.59,EURO,2026-01-12,2026-06-11,check rate,Serve show talk dinner open some.,True,False,,,New Lane
KOL,SUR,,,,,KOL-SUR ,FastMove,1789.0,435.14,inr,2025-06-07,2025-09-25,Special handling,Decade develop rule financial.,True,False,,,New Lane
KOL,SUR,,,,,KOL-SUR,BlueDart,1522.0,327.25,EURO,2025-08-17,2026-04-26,Urgent,Else product focus citizen message environmental.,True,False,,,New Lane
KOL,SUR,,,,,KOL-SUR,QuickShip,1157.0,68.59,EURO,2025-09-10,2025-11-24,check rate,Assume especially church show.,True,False,,,New Lane
KOL,SUR,,,,,KOL-SUR ,QuickShip,3692.0,30.71,INR,2025-08-21,2025-09-09,check rate,Pm that pattern picture section white thousand.,True,False,,,New Lane
KOL,SUR,,,,,KOL-SUR,LogiX,4769.0,58.97,Usd,2026-01-27,2026-11-16,check rate,Idea drop serious she grow itself think keep.,True,False,,,New Lane
KOL,SUR,,,,,KOL-SUR,BlueDart,787.0,106.13,,2025-12-05,2025-11-17,Special handling,Across build or wrong but quickly.,True,False,,,New Lane
KOL,SUR,,,,,KOL-SUR,FastMove,1363.0,336.01,usd,2025-09-13,2025-11-28,,Give responsibility with particular.,True,False,,,New Lane
KOL,SUR,,,,,KOL-SUR,BlueDart,4529.0,106.85,usd,2026-02-25,2026-09-06,priority,Room according rather within.,True,False,,,New Lane
KOL,SUR,,,,,KOL-SUR,QuickShip,1109.0,285.96,EURO,2025-06-05,2025-12-19,Urgent,Wall recognize identify teach provide break.,True,False,,,New Lane
KOL,SUR,,,,,KOL-SUR,LogiX,3873.0,47.06,,2025-09-02,2026-05-26,check rate,Public ask seven issue able check use wind.,True,False,,,New Lane
KOL,SUR,,,,,KOL-SUR,QuickShip,1609.0,327.85,usd,2025-09-07,2026-09-05,check rate,Always before street enjoy policy candidate wind.,True,False,,,New Lane
KOL,SUR,,,,,KOL-SUR ,LogiX,1856.0,94.6,EURO,2026-03-11,2026-08-12,priority,Because like not interesting natural third people.,True,False,,,New Lane
KOL,SUR,,,,,KOL-SUR ,BlueDart,1044.0,425.93,INR,2025-06-20,2025-10-24,check rate,East evening there class manager choice fall.,True,False,,,New Lane
KOL,SUR,,,,,KOL-SUR,CargoMax,3370.0,448.04,usd,2025-12-20,2025-11-25,,Thank less despite professor.,True,False,,,New Lane
KOL,SUR,,,,,KOL-SUR,QuickShip,1037.0,174.32,usd,2025-07-19,2025-10-05,priority,During military hot eat suggest American oil.,True,False,,,New Lane
"Los Angeles, US","Marseille, FR",Global Freight Corp,734.64,USD,2025-12-27,,,,,,,,,,False,True,,,Removed Lane
"Los Angeles, US","Mumbai, IN",Oceanic Logistics,3098.8,USD,2026-04-20,,,,,,,,,,False,True,,,Removed Lane
"Los Angeles, US","Sydney, AU",Maersk Line,4410.15,USD,2025-12-23,,,,,,,,,,False,True,,,Removed Lane
MUM,BPL,,,,,MUM-BPL,QuickShip,1966.0,311.7,Usd,2025-10-10,2026-06-28,,Activity hair man stuff plant food.,True,False,,,New Lane
MUM,BPL,,,,,MUM-BPL,BlueDart,3618.0,298.89,EURO,2025-05-30,2026-02-13,,Democratic fine short remain top son ago.,True,False,,,New Lane
MUM,BPL,,,,,MUM-BPL,CargoMax,4525.0,47.35,inr,2025-10-25,2026-07-30,priority,Sense nice rest.,True,False,,,New Lane
MUM,BPL,,,,,MUM-BPL ,LogiX,2143.0,13.0,,2025-09-04,2026-04-24,,Represent walk social expert avoid laugh voice.,True,False,,,New Lane
MUM,BPL,,,,,MUM-BPL,FastMove,920.0,234.47,inr,2026-01-13,2026-11-17,priority,Sing thank coach impact reduce reduce.,True,False,,,New Lane
MUM,BPL,,,,,MUM-BPL,LogiX,2538.0,405.21,EURO,2026-04-02,2027-02-26,,Mind better grow hospital option understand.,True,False,,,New Lane
MUM,BPL,,,,,MUM-BPL,FastMove,3048.0,53.33,,2026-05-09,2026-11-29,check rate,Than often popular painting technology.,True,False,,,New Lane
MUM,BPL,,,,,MUM-BPL,QuickShip,2574.0,156.69,EURO,2026-04-01,2027-03-17,,Move others health night total.,True,False,,,New Lane
MUM,BPL,,,,,MUM-BPL,FastMove,3751.0,236.9,usd,2026-04-07,2026-08-08,priority,Be one provide.,True,False,,,New Lane
MUM,BPL,,,,,MUM-BPL,QuickShip,1635.0,74.25,INR,2025-06-07,2026-02-23,check rate,Indeed eat interest source dream issue.,True,False,,,New Lane
MUM,BPL,,,,,MUM-BPL,BlueDart,2818.0,109.77,,2026-02-01,2026-07-24,,Run ground our clearly back approach different well.,True,False,,,New Lane
MUM,BPL,,,,,MUM-BPL,FastMove,1238.0,255.19,Usd,2025-12-01,2025-11-02,,Difference tend dream trade rock.,True,False,,,New Lane
MUM,BPL,,,,,MUM-BPL,FastMove,1669.0,70.91,usd,2026-01-25,2026-06-11,check rate,Act yeah answer direction.,True,False,,,New Lane
MUM,BPL,,,,,MUM-BPL,LogiX,1887.0,239.89,Usd,2026-03-04,2027-02-03,Urgent,House church social bit quickly work.,True,False,,,New Lane
MUM,BPL,,,,,MUM-BPL,QuickShip,3558.0,183.81,EURO,2025-08-10,2026-08-02,,Always as dinner necessary.,True,False,,,New Lane
MUM,BPL,,,,,MUM-BPL,LogiX,2055.0,173.89,INR,2026-04-07,2026-11-20,check rate,Recently again write sometimes but.,True,False,,,New Lane
MUM,BPL,,,,,MUM-BPL,FastMove,4118.0,99.95,inr,2025-06-20,2026-04-28,Special handling,Remain under eye language wall because return.,True,False,,,New Lane
MUM,BPL,,,,,MUM-BPL,LogiX,2538.0,405.21,EURO,2026-04-02,2027-02-26,,Mind better grow hospital option understand.,True,False,,,New Lane
MUM,BPL,,,,,MUM-BPL,FastMove,3161.0,118.88,Usd,2026-03-29,2026-06-15,priority,Quality million do wait least edge threat agent.,True,False,,,New Lane
MUM,BPL,,,,,MUM-BPL,FastMove,1669.0,70.91,usd,2026-01-25,2026-06-11,check rate,Act yeah answer direction.,True,False,,,New Lane
MUM,GOI,,,,,MUM-GOI,QuickShip,1244.0,201.03,usd,2025-09-21,2026-07-14,Special handling,West agreement tend window wrong high.,True,False,,,New Lane
MUM,GOI,,,,,MUM-GOI,LogiX,2765.0,208.97,EURO,2025-06-10,2025-10-21,check rate,Environmental recognize opportunity technology join place floor up.,True,False,,,New Lane
MUM,GOI,,,,,MUM-GOI,BlueDart,3770.0,235.52,Usd,2025-11-09,2026-06-15,,Pass available heart moment.,True,False,,,New Lane
MUM,GOI,,,,,MUM-GOI,QuickShip,997.0,279.24,Usd,2026-03-08,2026-04-25,priority,Republican fear attack bank southern window.,True,False,,,New Lane
MUM,GOI,,,,,MUM-GOI,BlueDart,3207.0,243.23,inr,2025-09-04,2026-05-19,priority,Area anyone nothing degree important care record.,True,False,,,New Lane
MUM,GOI,,,,,MUM-GOI,LogiX,1093.0,260.18,EURO,2025-09-24,2026-01-13,,Century three water owner develop tend.,True,False,,,New Lane
MUM,GOI,,,,,MUM-GOI,CargoMax,2240.0,23.15,Usd,2026-05-01,2026-10-10,Urgent,Line point management PM practice.,True,False,,,New Lane
MUM,GOI,,,,,MUM-GOI,QuickShip,4750.0,30.71,,2025-06-10,2025-07-28,,None instead poor just discuss both realize.,True,False,,,New Lane
MUM,GOI,,,,,MUM-GOI,QuickShip,1695.0,252.65,usd,2025-06-29,2025-10-22,Special handling,Goal common people your project.,True,False,,,New Lane
MUM,GOI,,,,,MUM-GOI,QuickShip,4588.0,324.9,INR,2025-10-28,2025-12-05,,Increase gas thus same conference.,True,False,,,New Lane
MUM,GOI,,,,,MUM-GOI,BlueDart,1933.0,260.45,Usd,2025-07-22,2025-08-06,,Charge large interesting.,True,False,,,New Lane
MUM,GOI,,,,,MUM-GOI,QuickShip,15100.0,63.84,INR,2026-04-02,2026-08-23,,Medical visit method benefit affect particular sign.,True,False,,,New Lane
MUM,GOI,,,,,MUM-GOI,QuickShip,2030.0,403.52,usd,2025-12-02,2025-12-26,priority,Age today eye strong security.,True,False,,,New Lane
MUM,IND,,,,,MUM-IND,LogiX,1179.0,475.12,,2025-07-21,2026-03-01,priority,Here coach property front camera involve.,True,False,,,New Lane
MUM,IND,,,,,MUM-IND,QuickShip,2765.0,247.98,inr,2025-12-30,2026-11-01,check rate,Response former order clearly happy once marriage music.,True,False,,,New Lane
MUM,IND,,,,,MUM-IND,LogiX,4477.0,256.96,,2026-02-24,2026-05-05,check rate,Cell social center way scientist same.,True,False,,,New Lane
MUM,IND,,,,,MUM-IND ,FastMove,1833.0,463.71,usd,2026-03-06,2027-01-22,priority,Conference continue left kitchen agent end.,True,False,,,New Lane
MUM,IND,,,,,MUM-IND,LogiX,4527.0,428.33,EURO,2026-03-01,2026-12-20,priority,Page world result good moment heavy.,True,False,,,New Lane
MUM,IND,,,,,MUM-IND,CargoMax,4320.0,394.09,,2025-11-28,2026-11-03,Special handling,Culture less minute important can each choose.,True,False,,,New Lane
MUM,IND,,,,,MUM-IND,BlueDart,1148.0,226.97,,2025-07-17,2025-06-02,Special handling,Apply treatment relationship media mission generation style.,True,False,,,New Lane
MUM,IND,,,,,MUM-IND,QuickShip,4916.0,284.33,EURO,2025-06-26,2025-05-27,check rate,Better tree wrong reach green explain.,True,False,,,New Lane
MUM,IND,,,,,MUM-IND ,BlueDart,2114.0,21.14,Usd,2025-11-26,2025-10-29,check rate,Fund letter fire cup task animal resource.,True,False,,,New Lane
MUM,IND,,,,,MUM-IND,LogiX,535.0,389.04,INR,2026-05-06,2026-11-26,check rate,Director course behavior close.,True,False,,,New Lane
MUM,IND,,,,,MUM-IND,BlueDart,1914.0,401.11,usd,2026-04-04,2026-06-26,priority,Term democratic road issue.,True,False,,,New Lane
MUM,IND,,,,,MUM-IND,QuickShip,825.0,100.61,inr,2025-08-19,2025-10-11,priority,Yard rather its.,True,False,,,New Lane
MUM,IND,,,,,MUM-IND,CargoMax,1465.0,149.22,Usd,2026-05-06,2026-11-02,,Rule no quite.,True,False,,,New Lane
MUM,IND,,,,,MUM-IND ,CargoMax,1667.0,336.0,INR,2026-04-14,2027-02-08,,Card little commercial oil point position miss determine.,True,False,,,New Lane
MUM,IND,,,,,MUM-IND,BlueDart,1541.0,43.14,Usd,2025-06-07,2026-02-22,Urgent,Sometimes knowledge or any war impact.,True,False,,,New Lane
MUM,JPR,,,,,MUM-JPR,FastMove,4854.0,340.51,INR,2025-05-14,2025-06-09,check rate,Phone guess memory read role second real also.,True,False,,,New Lane
MUM,JPR,,,,,MUM-JPR,LogiX,3703.0,452.29,INR,2025-09-10,2025-08-29,priority,Soon see reach age.,True,False,,,New Lane
MUM,JPR,,,,,MUM-JPR,FastMove,4614.0,168.46,,2025-12-31,2026-11-26,check rate,Shake current personal her ground sort must.,True,False,,,New Lane
MUM,JPR,,,,,MUM-JPR,QuickShip,3453.0,300.83,usd,2025-08-01,2025-11-19,,Lead street bit.,True,False,,,New Lane
MUM,JPR,,,,,MUM-JPR,FastMove,4307.0,232.43,usd,2025-09-15,2025-09-22,Urgent,Force job thus thank.,True,False,,,New Lane
MUM,JPR,,,,,MUM-JPR,CargoMax,1938.0,382.52,EURO,2025-08-13,2026-03-29,check rate,House half nothing film nation little past response.,True,False,,,New Lane
MUM,JPR,,,,,MUM-JPR ,FastMove,12820.0,90.74,inr,2025-10-17,2025-10-15,check rate,Security ten reduce picture role moment dog.,True,False,,,New Lane
MUM,JPR,,,,,MUM-JPR,FastMove,646.0,391.62,INR,2025-08-24,2026-01-13,,Part somebody way five year.,True,False,,,New Lane
MUM,JPR,,,,,MUM-JPR,CargoMax,4577.0,91.27,,2025-06-26,2025-06-12,priority,Oil decide enough law pattern individual everything.,True,False,,,New Lane
MUM,JPR,,,,,MUM-JPR,FastMove,1750.0,176.81,usd,2026-05-04,2026-07-02,check rate,Behavior sport assume according heart back.,True,False,,,New Lane
MUM,JPR,,,,,MUM-JPR,CargoMax,4582.0,412.15,inr,2025-10-24,2025-12-17,,Her what authority describe perform.,True,False,,,New Lane
MUM,JPR,,,,,MUM-JPR,LogiX,3599.0,445.52,,2025-10-23,2025-10-08,Special handling,Word executive understand commercial tell word.,True,False,,,New Lane
MUM,JPR,,,,,MUM-JPR,BlueDart,1921.0,22.81,Usd,2025-09-09,2026-06-12,check rate,Catch free pattern other though consumer meet.,True,False,,,New Lane
MUM,JPR,,,,,MUM-JPR,LogiX,924.0,117.61,usd,2025-05-20,2025-04-08,,Must appear important.,True,False,,,New Lane
MUM,JPR,,,,,MUM-JPR,FastMove,3449.0,366.79,INR,2025-11-21,2026-04-08,priority,Charge four particular understand plant age nature.,True,False,,,New Lane
MUM,JPR,,,,,MUM-JPR,BlueDart,954.0,191.66,INR,2026-03-20,2026-05-14,priority,Many research see baby structure.,True,False,,,New Lane
MUM,JPR,,,,,MUM-JPR,LogiX,75360.0,139.49,,2025-11-15,2026-05-21,check rate,Catch interview official any today cut.,True,False,,,New Lane
MUM,JPR,,,,,MUM-JPR,CargoMax,43480.0,333.97,INR,2026-02-24,2026-11-19,Special handling,Event high edge section.,True,False,,,New Lane
MUM,JPR,,,,,MUM-JPR,CargoMax,1891.0,202.92,EURO,2025-06-19,2025-06-12,,Out sit your sound agreement development.,True,False,,,New Lane
MUM,JPR,,,,,MUM-JPR ,QuickShip,3464.0,414.1,INR,2025-11-22,2026-04-01,check rate,During current responsibility mouth item art.,True,False,,,New Lane
MUM,LKO,,,,,MUM-LKO,BlueDart,2822.0,353.25,inr,2026-02-26,2026-07-10,,Wide according today front describe lay cup.,True,False,,,New Lane
MUM,LKO,,,,,MUM-LKO,QuickShip,856.0,447.62,INR,2026-03-17,2026-06-28,priority,This sit Republican sport.,True,False,,,New Lane
MUM,LKO,,,,,MUM-LKO,QuickShip,4731.0,309.87,,2025-10-05,2026-03-04,priority,Plant walk experience conference factor kind.,True,False,,,New Lane
MUM,LKO,,,,,MUM-LKO,QuickShip,2863.0,283.53,usd,2025-07-21,2025-12-12,Special handling,Foreign religious yourself school name.,True,False,,,New Lane
MUM,LKO,,,,,MUM-LKO ,QuickShip,4066.0,181.93,usd,2025-08-02,2025-07-09,,Rise maintain energy mother.,True,False,,,New Lane
MUM,LKO,,,,,MUM-LKO,FastMove,1450.0,205.13,usd,2025-07-14,2026-01-02,,Show yes candidate energy among finish successful.,True,False,,,New Lane
MUM,LKO,,,,,MUM-LKO,CargoMax,2078.0,71.37,,2025-10-11,2026-07-25,check rate,True site build forget picture.,True,False,,,New Lane
MUM,LKO,,,,,MUM-LKO,CargoMax,4834.0,220.15,inr,2025-08-22,2026-04-04,Urgent,To firm into heavy meet.,True,False,,,New Lane
MUM,LKO,,,,,MUM-LKO,BlueDart,4584.0,405.85,usd,2026-01-08,2026-12-06,Urgent,Industry test gun believe.,True,False,,,New Lane
MUM,LKO,,,,,MUM-LKO,CargoMax,2655.0,53.1,Usd,2025-08-02,2025-12-30,priority,Or challenge food upon.,True,False,,,New Lane
MUM,LKO,,,,,MUM-LKO,FastMove,1760.0,444.56,INR,2026-02-15,2026-09-21,,Business see morning oil story leader money when.,True,False,,,New Lane
MUM,LKO,,,,,MUM-LKO,QuickShip,4340.0,173.47,INR,2026-04-25,2026-05-28,Urgent,Goal ball late eight.,True,False,,,New Lane
MUM,LKO,,,,,MUM-LKO,BlueDart,3328.0,317.0,EURO,2026-04-22,2027-04-13,Special handling,City later part under oil natural.,True,False,,,New Lane
MUM,LKO,,,,,MUM-LKO,BlueDart,2006.0,421.67,inr,2025-12-11,2026-11-21,,Number firm watch stage book memory thing send.,True,False,,,New Lane
MUM,LKO,,,,,MUM-LKO,FastMove,1669.0,36.61,,2025-10-05,2025-11-30,,Senior high just.,True,False,,,New Lane
MUM,NAG,,,,,MUM-NAG,LogiX,3471.0,202.21,Usd,2026-03-30,2026-12-23,,Edge exist campaign especially president sport ground old.,True,False,,,New Lane
MUM,NAG,,,,,MUM-NAG,CargoMax,4409.0,300.93,usd,2026-01-20,2026-05-14,priority,Reach surface cause fear nice really evidence.,True,False,,,New Lane
MUM,NAG,,,,,MUM-NAG,BlueDart,2444.0,367.93,INR,2026-02-17,2026-09-17,priority,Soon maintain approach draw if.,True,False,,,New Lane
MUM,NAG,,,,,MUM-NAG,LogiX,3469.0,55.41,inr,2025-06-13,2025-12-02,Special handling,Administration near any.,True,False,,,New Lane
MUM,NAG,,,,,MUM-NAG ,QuickShip,1758.0,400.81,,2025-10-24,2026-06-03,priority,History group rather cause.,True,False,,,New Lane
MUM,NAG,,,,,MUM-NAG,CargoMax,3961.0,469.75,inr,2025-06-30,2026-01-16,,Defense onto us recent middle.,True,False,,,New Lane
MUM,NAG,,,,,MUM-NAG,CargoMax,1229.0,370.31,EURO,2026-03-26,2027-01-27,Special handling,Build gun head wonder economy suffer once drop.,True,False,,,New Lane
MUM,NAG,,,,,MUM-NAG,CargoMax,3860.0,164.19,INR,2025-05-20,2025-11-20,Special handling,Like find dark couple.,True,False,,,New Lane
MUM,NAG,,,,,MUM-NAG,LogiX,1583.0,413.17,,2026-02-03,2026-10-21,Urgent,Manager degree owner data southern.,True,False,,,New Lane
MUM,NAG,,,,,MUM-NAG,LogiX,3469.0,55.41,inr,2025-06-13,2025-12-02,Special handling,Administration near any.,True,False,,,New Lane
MUM,NAG,,,,,MUM-NAG,QuickShip,1318.0,39.03,usd,2026-01-24,2026-11-19,,Sure reach purpose.,True,False,,,New Lane
MUM,NAG,,,,,MUM-NAG,QuickShip,2448.0,245.98,Usd,2026-02-17,2027-02-09,priority,Serious any writer middle begin agent.,True,False,,,New Lane
MUM,NAG,,,,,MUM-NAG,LogiX,1558.0,479.54,Usd,2026-04-19,2027-02-02,check rate,Collection commercial forward government receive anyone.,True,False,,,New Lane
MUM,NAG,,,,,MUM-NAG,QuickShip,589.0,85.57,Usd,2026-03-12,2026-12-10,check rate,Local note blue.,True,False,,,New Lane
MUM,NAG,,,,,MUM-NAG,LogiX,3469.0,55.41,inr,2025-06-13,2025-12-02,Special handling,Administration near any.,True,False,,,New Lane
MUM,NAG,,,,,MUM-NAG ,FastMove,1667.0,90.01,INR,2025-06-09,2025-07-25,,Certainly term quickly action notice development.,True,False,,,New Lane
MUM,NAG,,,,,MUM-NAG,LogiX,4191.0,176.9,inr,2025-07-05,2025-10-03,Special handling,Position your since need more.,True,False,,,New Lane
MUM,NAG,,,,,MUM-NAG,BlueDart,2444.0,367.93,INR,2026-02-17,2026-09-17,priority,Soon maintain approach draw if.,True,False,,,New Lane
MUM,PAT,,,,,MUM-PAT,FastMove,62240.0,234.35,EURO,2025-09-16,2026-03-30,,Watch exactly sit side approach plan.,True,False,,,New Lane
MUM,PAT,,,,,MUM-PAT,LogiX,2682.0,323.24,inr,2026-03-12,2027-01-01,priority,Can report within whatever.,True,False,,,New Lane
MUM,PAT,,,,,MUM-PAT,FastMove,1677.0,54.03,Usd,2026-03-18,2027-03-01,Special handling,Green success special life.,True,False,,,New Lane
MUM,PAT,,,,,MUM-PAT,BlueDart,4190.0,257.05,Usd,2025-12-01,2026-03-02,Urgent,Those pull idea control.,True,False,,,New Lane
MUM,PAT,,,,,MUM-PAT,QuickShip,702.0,123.59,INR,2026-03-15,2026-08-06,,With system natural how near include.,True,False,,,New Lane
MUM,PAT,,,,,MUM-PAT,LogiX,3929.0,12.02,inr,2025-11-26,2026-06-29,check rate,Phone since drive study determine various.,True,False,,,New Lane
MUM,PAT,,,,,MUM-PAT,BlueDart,4190.0,257.05,Usd,2025-12-01,2026-03-02,Urgent,Those pull idea control.,True,False,,,New Lane
MUM,PAT,,,,,MUM-PAT,CargoMax,4494.0,78.97,usd,2026-02-06,2026-08-16,priority,Current thousand listen forward.,True,False,,,New Lane
MUM,PAT,,,,,MUM-PAT,BlueDart,3506.0,436.4,,2025-06-26,2026-06-18,,Number month through skill above plant feel.,True,False,,,New Lane
MUM,PAT,,,,,MUM-PAT,QuickShip,4910.0,391.53,usd,2026-04-02,2026-06-22,,Program on writer.,True,False,,,New Lane
MUM,SUR,,,,,MUM-SUR,QuickShip,1701.0,244.44,,2025-06-23,2025-08-15,,Person father red significant try radio.,True,False,,,New Lane
MUM,SUR,,,,,MUM-SUR,QuickShip,4286.0,242.51,usd,2026-03-15,2026-07-08,Special handling,Step use street cause visit can face.,True,False,,,New Lane
MUM,SUR,,,,,MUM-SUR,CargoMax,47620.0,431.81,,2026-04-19,2026-05-14,,Seat account yet throughout.,True,False,,,New Lane
MUM,SUR,,,,,MUM-SUR,BlueDart,2952.0,98.21,usd,2026-01-20,2027-01-06,Urgent,Moment professional center charge old many.,True,False,,,New Lane
MUM,SUR,,,,,MUM-SUR,CargoMax,4044.0,166.7,,2025-09-04,2025-11-19,Urgent,Father hear responsibility line write necessary defense.,True,False,,,New Lane
MUM,SUR,,,,,MUM-SUR,QuickShip,4790.0,208.2,EURO,2025-12-07,2026-04-22,,Field amount analysis ready cold move size.,True,False,,,New Lane
MUM,SUR,,,,,MUM-SUR,QuickShip,1014.0,185.27,EURO,2025-12-17,2025-11-19,Urgent,Society Democrat wrong source idea.,True,False,,,New Lane
MUM,SUR,,,,,MUM-SUR,FastMove,4370.0,462.89,INR,2025-08-20,2025-09-26,,Tv explain country stage what magazine information.,True,False,,,New Lane
MUM,SUR,,,,,MUM-SUR,LogiX,2894.0,234.38,,2025-06-15,2026-01-25,check rate,Rule instead ahead federal camera between.,True,False,,,New Lane
MUM,SUR,,,,,MUM-SUR,BlueDart,4261.0,25.24,Usd,2025-11-07,2026-07-15,Special handling,Value build administration between relate.,True,False,,,New Lane
MUM,SUR,,,,,MUM-SUR,QuickShip,4615.0,282.2,Usd,2026-02-17,2026-02-14,Special handling,Executive a who decide.,True,False,,,New Lane
MUM,SUR,,,,,MUM-SUR,FastMove,2417.0,243.73,,2025-10-18,2026-08-30,Urgent,Lay term almost above accept present.,True,False,,,New Lane
MUM,SUR,,,,,MUM-SUR,FastMove,2934.0,58.5,EURO,2026-05-02,2026-07-13,check rate,Town simple fall court deal six respond short.,True,False,,,New Lane
MUM,SUR,,,,,MUM-SUR ,BlueDart,2755.0,393.54,inr,2025-08-09,2025-10-12,Urgent,What attack again we service teacher end.,True,False,,,New Lane
MUM,SUR,,,,,MUM-SUR,LogiX,4091.0,499.62,usd,2026-03-10,2026-06-28,check rate,Memory husband away project.,True,False,,,New Lane
MUM,SUR,,,,,MUM-SUR,LogiX,3033.0,395.31,usd,2025-06-21,2025-10-15,check rate,Human again where experience rock commercial member.,True,False,,,New Lane
MUM,SUR,,,,,MUM-SUR,LogiX,2117.0,254.76,Usd,2025-07-20,2026-01-20,Special handling,College me only medical.,True,False,,,New Lane
MUM,SUR,,,,,MUM-SUR,CargoMax,3106.0,178.81,INR,2026-03-01,2026-05-31,priority,Skill eat represent establish spring.,True,False,,,New Lane
MUM,SUR,,,,,MUM-SUR,QuickShip,3288.0,230.67,INR,2025-11-19,2026-07-24,,Special sport everything.,True,False,,,New Lane
MUM,SUR,,,,,MUM-SUR,LogiX,1648.0,106.28,usd,2025-08-07,2026-04-19,,Use people teacher capital.,True,False,,,New Lane
MUM,SUR,,,,,MUM-SUR,BlueDart,676.0,291.38,EURO,2025-07-04,2026-05-24,Special handling,Window full chance arm behavior win we.,True,False,,,New Lane
MUM,SUR,,,,,MUM-SUR,QuickShip,4045.0,67.74,inr,2025-06-16,2026-03-06,Urgent,The research during nor.,True,False,,,New Lane
MUM,SUR,,,,,MUM-SUR,FastMove,4392.0,465.12,usd,2026-02-17,2026-12-24,Special handling,Action must here thing.,True,False,,,New Lane
MUM,SUR,,,,,MUM-SUR,CargoMax,2701.0,380.35,usd,2026-03-10,2026-12-19,,Whole poor check.,True,False,,,New Lane
MUM,SUR,,,,,MUM-SUR,CargoMax,771.0,440.99,INR,2026-03-02,2026-07-17,Urgent,East old for create.,True,False,,,New Lane
MUM,SUR,,,,,MUM-SUR,FastMove,3444.0,372.95,INR,2026-03-07,2026-10-17,priority,Share without here bad even put buy although.,True,False,,,New Lane
MUM,SUR,,,,,MUM-SUR,FastMove,4915.0,112.82,Usd,2026-03-10,2026-02-24,Special handling,Guess staff ago theory.,True,False,,,New Lane
MUM,SUR,,,,,MUM-SUR ,LogiX,4548.0,386.2,EURO,2025-08-04,2026-03-26,,Smile just become song significant practice great anything.,True,False,,,New Lane
MUM,SUR,,,,,MUM-SUR,LogiX,3191.0,140.25,Usd,2026-05-09,2026-12-13,check rate,True lawyer speak ready give baby billion.,True,False,,,New Lane
"Ningbo, CN","Sydney, AU",Maersk Line,3393.37,EUR,2026-03-14,,,,,,,,,,False,True,,,Removed Lane
"Ningbo, CN","Sydney, AU",DHL Global,2457.06,USD,2026-04-23,,,,,,,,,,False,True,,,Removed Lane
"Ningbo, CN","Tokyo, JP",Maersk Line,1140.86,GBP,2026-04-28,,,,,,,,,,False,True,,,Removed Lane
PNQ,BPL,,,,,PNQ-BPL,CargoMax,4433.0,47.4,EURO,2025-11-03,2026-07-20,priority,Nearly cold until some believe focus with why.,True,False,,,New Lane
PNQ,BPL,,,,,PNQ-BPL,QuickShip,27820.0,412.35,EURO,2025-06-08,2026-04-04,Special handling,Watch whole close book.,True,False,,,New Lane
PNQ,BPL,,,,,PNQ-BPL,LogiX,3612.0,103.85,usd,2025-12-22,2026-04-22,Special handling,Level agreement water house name think.,True,False,,,New Lane
PNQ,BPL,,,,,PNQ-BPL,CargoMax,1873.0,130.62,usd,2026-03-20,2026-06-20,Special handling,Including some top child minute late.,True,False,,,New Lane
PNQ,BPL,,,,,PNQ-BPL,QuickShip,1978.0,396.22,,2026-02-18,2026-03-04,check rate,Authority scientist investment.,True,False,,,New Lane
PNQ,BPL,,,,,PNQ-BPL,BlueDart,2677.0,106.72,EURO,2026-01-19,2026-08-24,priority,Improve my mention market lead more move.,True,False,,,New Lane
PNQ,BPL,,,,,PNQ-BPL,LogiX,1242.0,477.58,,2025-10-02,2026-08-28,,Idea degree or direction affect.,True,False,,,New Lane
PNQ,BPL,,,,,PNQ-BPL,FastMove,4189.0,134.05,,2025-07-16,2025-12-26,,Bill of build market necessary.,True,False,,,New Lane
PNQ,GOI,,,,,PNQ-GOI,CargoMax,2909.0,114.72,usd,2025-11-16,2026-05-29,check rate,Either recent enter local quickly same enjoy.,True,False,,,New Lane
PNQ,GOI,,,,,PNQ-GOI,QuickShip,3457.0,493.32,,2026-04-01,2027-02-05,priority,Can then family weight name.,True,False,,,New Lane
PNQ,GOI,,,,,PNQ-GOI,LogiX,4110.0,23.48,Usd,2025-08-06,2026-01-28,priority,Pretty Mrs cut start.,True,False,,,New Lane
PNQ,GOI,,,,,PNQ-GOI,BlueDart,1509.0,283.25,inr,2025-07-21,2025-09-07,,Within remember couple detail they college.,True,False,,,New Lane
PNQ,GOI,,,,,PNQ-GOI ,QuickShip,3203.0,75.18,,2025-06-06,2025-12-13,Special handling,At show read change head.,True,False,,,New Lane
PNQ,GOI,,,,,PNQ-GOI,CargoMax,4518.0,36.71,EURO,2026-01-03,2026-10-10,priority,Night class wish compare.,True,False,,,New Lane
PNQ,GOI,,,,,PNQ-GOI,BlueDart,4700.0,263.51,inr,2025-06-15,2025-07-10,,Citizen eat right apply throw war.,True,False,,,New Lane
PNQ,GOI,,,,,PNQ-GOI ,CargoMax,4048.0,163.65,Usd,2025-05-19,2025-12-20,,Address seek treat field own black energy.,True,False,,,New Lane
PNQ,GOI,,,,,PNQ-GOI,BlueDart,2663.0,114.01,,2026-03-04,2026-10-08,priority,Within article way or follow.,True,False,,,New Lane
PNQ,GOI,,,,,PNQ-GOI,LogiX,3235.0,203.6,usd,2026-01-06,2027-01-01,Special handling,Machine current itself century onto.,True,False,,,New Lane
PNQ,GOI,,,,,PNQ-GOI,CargoMax,2650.0,280.0,usd,2025-09-07,2025-09-07,,Finish actually our church relate.,True,False,,,New Lane
PNQ,GOI,,,,,PNQ-GOI,CargoMax,2935.0,451.18,inr,2026-03-04,2026-10-12,,Through approach exactly.,True,False,,,New Lane
PNQ,GOI,,,,,PNQ-GOI,BlueDart,1509.0,283.25,inr,2025-07-21,2025-09-07,,Within remember couple detail they college.,True,False,,,New Lane
PNQ,GOI,,,,,PNQ-GOI,FastMove,4238.0,249.48,Usd,2025-09-29,2026-09-16,check rate,Candidate agree color entire she.,True,False,,,New Lane
PNQ,GOI,,,,,PNQ-GOI,LogiX,516.0,226.21,,2026-04-26,2026-08-08,Urgent,Also fire environment whose turn boy impact.,True,False,,,New Lane
PNQ,IND,,,,,PNQ-IND,LogiX,2199.0,29.68,INR,2025-12-07,2026-04-28,check rate,Style information sport about.,True,False,,,New Lane
PNQ,IND,,,,,PNQ-IND,FastMove,1520.0,61.1,Usd,2025-07-13,2026-06-01,,Public staff talk indeed.,True,False,,,New Lane
PNQ,IND,,,,,PNQ-IND,QuickShip,4956.0,477.28,usd,2026-02-20,2027-01-09,Urgent,Represent enough always case car eye.,True,False,,,New Lane
PNQ,IND,,,,,PNQ-IND,BlueDart,701.0,377.05,EURO,2026-01-05,2026-07-27,priority,Land future raise write.,True,False,,,New Lane
PNQ,IND,,,,,PNQ-IND,BlueDart,3608.0,73.72,EURO,2026-03-17,2026-07-03,priority,Sound teach about.,True,False,,,New Lane
PNQ,IND,,,,,PNQ-IND,LogiX,3542.0,176.81,,2025-12-11,2026-01-24,,Age eye him draw capital.,True,False,,,New Lane
PNQ,IND,,,,,PNQ-IND,BlueDart,4096.0,441.48,inr,2025-06-08,2026-01-22,Special handling,Participant attention nothing develop nearly pull.,True,False,,,New Lane
PNQ,IND,,,,,PNQ-IND,CargoMax,3513.0,472.84,inr,2025-06-17,2026-04-23,,Soon score top.,True,False,,,New Lane
PNQ,IND,,,,,PNQ-IND,QuickShip,4572.0,370.75,INR,2026-01-01,2026-11-26,,Like pass foot medical lead.,True,False,,,New Lane
PNQ,IND,,,,,PNQ-IND,BlueDart,701.0,377.05,EURO,2026-01-05,2026-07-27,priority,Land future raise write.,True,False,,,New Lane
PNQ,IND,,,,,PNQ-IND,LogiX,2205.0,354.63,inr,2026-02-16,2026-01-09,Special handling,Continue represent tell defense sure it.,True,False,,,New Lane
PNQ,IND,,,,,PNQ-IND,CargoMax,2984.0,149.27,usd,2025-11-03,2026-05-19,check rate,Exactly help hard pick including those through.,True,False,,,New Lane
PNQ,IND,,,,,PNQ-IND,CargoMax,2984.0,149.27,usd,2025-11-03,2026-05-19,check rate,Exactly help hard pick including those through.,True,False,,,New Lane
PNQ,IND,,,,,PNQ-IND,BlueDart,533.0,356.52,Usd,2025-12-22,2026-02-17,Urgent,Offer area significant glass modern loss mind.,True,False,,,New Lane
PNQ,IND,,,,,PNQ-IND,CargoMax,2184.0,494.37,EURO,2026-02-26,2026-08-31,Urgent,Girl reality however score information hot watch step.,True,False,,,New Lane
PNQ,IND,,,,,PNQ-IND,QuickShip,4572.0,370.75,INR,2026-01-01,2026-11-26,,Like pass foot medical lead.,True,False,,,New Lane
PNQ,JPR,,,,,PNQ-JPR,FastMove,2566.0,23.32,usd,2026-02-19,2026-05-23,check rate,Most up glass without.,True,False,,,New Lane
PNQ,JPR,,,,,PNQ-JPR,BlueDart,4809.0,252.67,Usd,2026-05-10,2027-04-22,,Operation care speak fill majority not career staff.,True,False,,,New Lane
PNQ,JPR,,,,,PNQ-JPR,QuickShip,1812.0,374.68,inr,2026-02-06,2026-02-28,Special handling,Argue change short technology.,True,False,,,New Lane
PNQ,JPR,,,,,PNQ-JPR,LogiX,2136.0,287.09,inr,2025-06-22,2026-02-07,check rate,Most many company official.,True,False,,,New Lane
PNQ,JPR,,,,,PNQ-JPR,QuickShip,932.0,466.84,inr,2026-01-12,2026-04-17,,Success important foot she chance often.,True,False,,,New Lane
PNQ,JPR,,,,,PNQ-JPR,QuickShip,1242.0,40.02,,2025-09-09,2025-10-04,,Natural crime well choose speech.,True,False,,,New Lane
PNQ,JPR,,,,,PNQ-JPR,CargoMax,1350.0,214.92,,2025-07-02,2026-04-27,Urgent,Doctor TV anything hard would suddenly be.,True,False,,,New Lane
PNQ,JPR,,,,,PNQ-JPR,LogiX,3792.0,327.71,Usd,2025-10-13,2026-02-02,,Toward bill ask partner.,True,False,,,New Lane
PNQ,JPR,,,,,PNQ-JPR,FastMove,4144.0,111.39,,2025-06-04,2025-12-27,Special handling,Special baby price push would theory news put.,True,False,,,New Lane
PNQ,JPR,,,,,PNQ-JPR,QuickShip,1688.0,437.27,INR,2026-02-02,2026-02-05,,Environment water second seek vote together peace.,True,False,,,New Lane
PNQ,JPR,,,,,PNQ-JPR,CargoMax,4517.0,156.91,Usd,2025-05-30,2026-01-03,,Red leader never me.,True,False,,,New Lane
PNQ,JPR,,,,,PNQ-JPR,QuickShip,1949.0,34.8,,2025-10-08,2025-12-19,,Mrs drug another style note.,True,False,,,New Lane
PNQ,LKO,,,,,PNQ-LKO,LogiX,3493.0,246.58,INR,2025-10-01,2026-07-13,priority,Probably have two whether purpose system.,True,False,,,New Lane
PNQ,LKO,,,,,PNQ-LKO,CargoMax,1393.0,488.64,usd,2026-01-03,2026-12-20,Urgent,Real myself baby study front edge.,True,False,,,New Lane
PNQ,LKO,,,,,PNQ-LKO,QuickShip,4232.0,347.62,,2025-05-24,2026-05-04,,Body summer Congress cup.,True,False,,,New Lane
PNQ,LKO,,,,,PNQ-LKO,FastMove,3954.0,284.94,,2026-04-25,2026-12-27,priority,Too whole lot indicate decision.,True,False,,,New Lane
PNQ,LKO,,,,,PNQ-LKO,BlueDart,1718.0,139.85,Usd,2025-10-15,2026-06-18,Urgent,Continue never across help though side.,True,False,,,New Lane
PNQ,LKO,,,,,PNQ-LKO,FastMove,2190.0,376.18,INR,2026-03-09,2027-02-04,Special handling,Sure surface really off phone area.,True,False,,,New Lane
PNQ,LKO,,,,,PNQ-LKO,QuickShip,4664.0,425.26,usd,2026-05-11,2026-06-10,,View effort rather sea question house.,True,False,,,New Lane
PNQ,LKO,,,,,PNQ-LKO,FastMove,503.0,102.62,usd,2025-08-24,2026-02-08,,Buy peace soon when involve.,True,False,,,New Lane
PNQ,LKO,,,,,PNQ-LKO,CargoMax,19440.0,293.32,Usd,2025-05-23,2025-11-23,Special handling,Summer perform mention these research also ability back.,True,False,,,New Lane
PNQ,LKO,,,,,PNQ-LKO,FastMove,2190.0,376.18,INR,2026-03-09,2027-02-04,Special handling,Sure surface really off phone area.,True,False,,,New Lane
PNQ,LKO,,,,,PNQ-LKO,QuickShip,1086.0,394.0,inr,2025-06-04,2026-02-23,priority,Off city kid produce common.,True,False,,,New Lane
PNQ,LKO,,,,,PNQ-LKO,BlueDart,2883.0,109.42,,2025-09-29,2026-01-20,check rate,And sound consumer test.,True,False,,,New Lane
PNQ,LKO,,,,,PNQ-LKO,FastMove,4792.0,191.49,inr,2025-10-02,2026-04-12,Special handling,To or eye water affect camera.,True,False,,,New Lane
PNQ,LKO,,,,,PNQ-LKO,QuickShip,4232.0,347.62,,2025-05-24,2026-05-04,,Body summer Congress cup.,True,False,,,New Lane
PNQ,LKO,,,,,PNQ-LKO,FastMove,3857.0,452.88,Usd,2025-10-10,2026-05-02,Urgent,Century threat because education series.,True,False,,,New Lane
PNQ,LKO,,,,,PNQ-LKO,LogiX,3573.0,472.72,Usd,2026-05-10,2026-10-22,,Goal he activity require.,True,False,,,New Lane
PNQ,LKO,,,,,PNQ-LKO,FastMove,3857.0,452.88,Usd,2025-10-10,2026-05-02,Urgent,Century threat because education series.,True,False,,,New Lane
PNQ,LKO,,,,,PNQ-LKO,QuickShip,2118.0,71.81,,2026-02-16,2027-01-06,priority,Writer these ball attention according.,True,False,,,New Lane
PNQ,LKO,,,,,PNQ-LKO,LogiX,2138.0,11.56,usd,2025-08-29,2025-08-25,check rate,Tend black purpose can individual ten anyone bank.,True,False,,,New Lane
PNQ,NAG,,,,,PNQ-NAG,LogiX,3197.0,432.4,Usd,2025-12-04,2026-10-03,Special handling,Thing clearly street behavior.,True,False,,,New Lane
PNQ,NAG,,,,,PNQ-NAG,LogiX,526.0,482.46,,2026-04-21,2026-04-14,,Serve all table whose.,True,False,,,New Lane
PNQ,NAG,,,,,PNQ-NAG,FastMove,3649.0,370.48,,2026-01-23,2026-02-12,,Later offer reveal letter discover.,True,False,,,New Lane
PNQ,NAG,,,,,PNQ-NAG,QuickShip,4919.0,307.11,usd,2025-08-09,2025-11-14,,Daughter could into assume career.,True,False,,,New Lane
PNQ,NAG,,,,,PNQ-NAG,QuickShip,1992.0,209.24,Usd,2026-04-11,2026-12-14,priority,Through listen song letter determine.,True,False,,,New Lane
PNQ,NAG,,,,,PNQ-NAG,QuickShip,4919.0,307.11,usd,2025-08-09,2025-11-14,,Daughter could into assume career.,True,False,,,New Lane
PNQ,NAG,,,,,PNQ-NAG,QuickShip,2917.0,122.36,INR,2025-08-24,2026-01-17,,Boy bed actually close wait eight country.,True,False,,,New Lane
PNQ,NAG,,,,,PNQ-NAG ,FastMove,995.0,431.43,INR,2026-05-10,2026-04-21,,Might alone police.,True,False,,,New Lane
PNQ,NAG,,,,,PNQ-NAG,LogiX,2922.0,252.31,INR,2026-04-11,2027-03-29,priority,Cultural smile much body.,True,False,,,New Lane
PNQ,NAG,,,,,PNQ-NAG,QuickShip,4919.0,307.11,usd,2025-08-09,2025-11-14,,Daughter could into assume career.,True,False,,,New Lane
PNQ,NAG,,,,,PNQ-NAG ,BlueDart,1307.0,116.12,INR,2025-12-18,2026-05-23,priority,Respond security with mean the put region.,True,False,,,New Lane
PNQ,NAG,,,,,PNQ-NAG ,FastMove,995.0,431.43,INR,2026-05-10,2026-04-21,,Might alone police.,True,False,,,New Lane
PNQ,PAT,,,,,PNQ-PAT,LogiX,4275.0,480.36,inr,2026-02-21,2026-10-05,,Home day head role.,True,False,,,New Lane
PNQ,PAT,,,,,PNQ-PAT,CargoMax,1196.0,76.52,usd,2025-08-19,2026-05-09,check rate,Easy long hospital money almost church heavy responsibility.,True,False,,,New Lane
PNQ,PAT,,,,,PNQ-PAT,FastMove,2381.0,411.72,Usd,2026-02-28,2026-10-14,check rate,Would board street.,True,False,,,New Lane
PNQ,PAT,,,,,PNQ-PAT ,BlueDart,90300.0,208.83,INR,2026-01-03,2026-01-04,,Model represent doctor history good above nearly.,True,False,,,New Lane
PNQ,PAT,,,,,PNQ-PAT,FastMove,4067.0,359.4,Usd,2025-07-05,2025-10-19,,Prove piece cold theory daughter she.,True,False,,,New Lane
PNQ,PAT,,,,,PNQ-PAT,BlueDart,901.0,372.87,usd,2025-10-24,2025-11-20,check rate,Sure require successful ever number material.,True,False,,,New Lane
PNQ,PAT,,,,,PNQ-PAT,LogiX,1867.0,362.56,Usd,2026-01-15,2026-10-12,,Money fight four machine notice not require night.,True,False,,,New Lane
PNQ,PAT,,,,,PNQ-PAT,FastMove,513.0,152.82,usd,2026-01-25,2026-06-07,,Wrong game during reflect.,True,False,,,New Lane
PNQ,PAT,,,,,PNQ-PAT,QuickShip,3607.0,65.84,EURO,2026-04-26,2026-03-17,,Different according special ok build when involve.,True,False,,,New Lane
PNQ,PAT,,,,,PNQ-PAT,CargoMax,4563.0,222.06,INR,2025-05-18,2025-07-19,,Vote many summer property gas door.,True,False,,,New Lane
PNQ,PAT,,,,,PNQ-PAT,QuickShip,4312.0,287.39,INR,2026-04-11,2026-04-30,priority,Thus data billion television bring reason.,True,False,,,New Lane
PNQ,PAT,,,,,PNQ-PAT,CargoMax,1810.0,227.79,INR,2026-01-01,2025-12-05,Urgent,Worry can example discussion.,True,False,,,New Lane
PNQ,PAT,,,,,PNQ-PAT,FastMove,4902.0,479.27,usd,2025-09-11,2025-08-16,priority,Difference decide figure seek three prevent tell generation.,True,False,,,New Lane
PNQ,PAT,,,,,PNQ-PAT ,BlueDart,3449.0,413.0,usd,2025-12-08,2026-07-08,,Leader child clearly boy alone five.,True,False,,,New Lane
PNQ,PAT,,,,,PNQ-PAT,QuickShip,4272.0,356.52,Usd,2026-01-30,2026-10-30,check rate,Type point particular ability if.,True,False,,,New Lane
PNQ,SUR,,,,,PNQ-SUR,QuickShip,1186.0,347.41,EURO,2025-09-03,2025-09-17,check rate,Activity within because set every subject whose.,True,False,,,New Lane
PNQ,SUR,,,,,PNQ-SUR,QuickShip,2214.0,170.57,INR,2025-07-01,2025-09-16,,Draw travel his remember fact.,True,False,,,New Lane
PNQ,SUR,,,,,PNQ-SUR,QuickShip,2214.0,170.57,INR,2025-07-01,2025-09-16,,Draw travel his remember fact.,True,False,,,New Lane
PNQ,SUR,,,,,PNQ-SUR,LogiX,4349.0,328.01,Usd,2025-09-19,2026-09-05,,Owner camera size reach law.,True,False,,,New Lane
PNQ,SUR,,,,,PNQ-SUR,LogiX,2606.0,184.55,Usd,2025-08-30,2025-10-24,check rate,Upon tough she relate which you ten common.,True,False,,,New Lane
PNQ,SUR,,,,,PNQ-SUR,BlueDart,2219.0,266.31,usd,2025-06-29,2025-11-06,,Drug whatever want cold voice pretty.,True,False,,,New Lane
PNQ,SUR,,,,,PNQ-SUR,BlueDart,3269.0,342.95,EURO,2025-11-28,2026-01-02,,Join across general when member.,True,False,,,New Lane
PNQ,SUR,,,,,PNQ-SUR,BlueDart,3267.0,50.49,,2026-01-21,2026-03-25,Urgent,Chair perform just remember and artist this.,True,False,,,New Lane
PNQ,SUR,,,,,PNQ-SUR,FastMove,750.0,289.48,EURO,2026-03-28,2027-02-26,Urgent,Perform care information work.,True,False,,,New Lane
PNQ,SUR,,,,,PNQ-SUR,QuickShip,1372.0,420.18,usd,2025-12-26,2026-11-19,Special handling,Support night machine.,True,False,,,New Lane
PNQ,SUR,,,,,PNQ-SUR ,QuickShip,3737.0,469.3,,2025-11-07,2025-10-11,,Animal whether Congress affect security rock property suggest.,True,False,,,New Lane
PNQ,SUR,,,,,PNQ-SUR,LogiX,1722.0,314.27,Usd,2026-01-12,2026-05-27,,Different project month former participant already heavy leader.,True,False,,,New Lane
PNQ,SUR,,,,,PNQ-SUR,BlueDart,3313.0,215.29,inr,2026-02-27,2026-03-10,,Bill common threat.,True,False,,,New Lane
PNQ,SUR,,,,,PNQ-SUR,FastMove,1606.0,219.76,Usd,2026-04-28,2027-02-27,,Seek kid arm ball Democrat special.,True,False,,,New Lane
"Rotterdam, NL","Jeddah, SA",DHL Global,1840.98,GBP,2026-01-13,,,,,,,,,,False,True,,,Removed Lane
"Rotterdam, NL","Marseille, FR",Maersk Line,3124.55,EUR,2026-02-03,,,,,,,,,,False,True,,,Removed Lane
"Rotterdam, NL","Marseille, FR",Global Freight Corp,1534.19,EUR,2025-11-15,,,,,,,,,,False,True,,,Removed Lane
"Rotterdam, NL","Mumbai, IN",Evergreen Marine,1485.79,GBP,2026-02-04,,,,,,,,,,False,True,,,Removed Lane
"Rotterdam, NL","Mumbai, IN",Maersk Line,4562.84,EUR,2025-12-11,,,,,,,,,,False,True,,,Removed Lane
"Rotterdam, NL","New York, US",Maersk Line,4343.68,USD,2025-11-27,,,,,,,,,,False,True,,,Removed Lane
"Shanghai, CN","New York, US",Oceanic Logistics,2602.19,GBP,2025-12-26,,,,,,,,,,False,True,,,Removed Lane
"Singapore, SG","London, UK",Oceanic Logistics,1542.8,GBP,2026-03-25,,,,,,,,,,False,True,,,Removed Lane
"Singapore, SG","Mumbai, IN",Evergreen Marine,2873.25,USD,2026-01-19,,,,,,,,,,False,True,,,Removed Lane
"Singapore, SG","Mumbai, IN",DHL Global,4111.55,USD,2026-02-21,,,,,,,,,,False,True,,,Removed Lane
"Singapore, SG","Tokyo, JP",Global Freight Corp,1698.21,GBP,2026-03-22,,,,,,,,,,False,True,,,Removed Lane
amd,GOI,,,,,amd-GOI,LogiX,3928.0,119.24,,2025-11-15,2026-10-26,Special handling,Offer number protect look experience.,True,False,,,New Lane
amd,IND,,,,,amd-IND,BlueDart,2803.0,88.2,,2026-04-21,2026-06-18,priority,Now animal establish because.,True,False,,,New Lane
amd,IND,,,,,amd-IND,BlueDart,2385.0,111.51,Usd,2025-05-19,2025-09-16,Special handling,Above positive amount north who effort interesting.,True,False,,,New Lane
amd,JPR,,,,,amd-JPR,QuickShip,782.0,157.5,Usd,2025-12-10,2026-01-01,,North establish house trial standard business at model.,True,False,,,New Lane
amd,JPR,,,,,amd-JPR,LogiX,2792.0,493.58,,2025-11-03,2026-06-19,Special handling,Attorney kid summer first federal order.,True,False,,,New Lane
amd,JPR,,,,,amd-JPR,QuickShip,578.0,127.49,Usd,2025-12-19,2026-06-11,Special handling,Risk low house father give.,True,False,,,New Lane
amd,LKO,,,,,amd-LKO,BlueDart,3773.0,46.17,EURO,2025-09-16,2025-11-24,,Own collection camera although wide responsibility.,True,False,,,New Lane
amd,NAG,,,,,amd-NAG,CargoMax,622.0,84.51,INR,2025-08-25,2026-03-14,Urgent,White reflect national site participant strong.,True,False,,,New Lane
amd,NAG,,,,,amd-NAG,FastMove,3047.0,499.17,EURO,2026-03-17,2026-11-03,,Know total wide common relate answer.,True,False,,,New Lane
amd,NAG,,,,,amd-NAG,LogiX,2562.0,99.43,,2025-09-04,2026-05-29,,Discuss section professor fast home bar already need.,True,False,,,New Lane
amd,NAG,,,,,amd-NAG,LogiX,2562.0,99.43,,2025-09-04,2026-05-29,,Discuss section professor fast home bar already need.,True,False,,,New Lane
amd,PAT,,,,,amd-PAT,LogiX,3269.0,55.26,,2026-01-24,2026-10-01,,Mission mother growth art do it.,True,False,,,New Lane
amd,PAT,,,,,amd-PAT,LogiX,4470.0,189.41,usd,2025-05-21,2026-05-19,Urgent,Memory set those benefit.,True,False,,,New Lane
amd,PAT,,,,,amd-PAT,FastMove,1326.0,291.9,,2026-05-07,2027-02-17,Urgent,You by performance their argue.,True,False,,,New Lane
amd,PAT,,,,,amd-PAT,CargoMax,3780.0,96.17,inr,2025-12-14,2026-02-23,,Simply guy how would manage actually.,True,False,,,New Lane
amd,SUR,,,,,amd-SUR,QuickShip,1371.0,494.25,,2025-12-08,2026-06-20,check rate,Think speech worry them wear democratic care.,True,False,,,New Lane
amd,SUR,,,,,amd-SUR,LogiX,1292.0,295.29,EURO,2026-04-01,2026-07-24,Urgent,Travel media perform measure start.,True,False,,,New Lane
amd,SUR,,,,,amd-SUR,QuickShip,4420.0,361.52,EURO,2025-07-23,2026-02-10,,Statement system employee away make.,True,False,,,New Lane
blr,BPL,,,,,blr-BPL,CargoMax,2635.0,210.45,INR,2025-09-13,2025-12-30,,Fast enjoy better figure point make.,True,False,,,New Lane
blr,BPL,,,,,blr-BPL,QuickShip,1934.0,431.37,inr,2025-08-07,2025-07-08,,Despite participant by scene opportunity floor every.,True,False,,,New Lane
blr,IND,,,,,blr-IND,BlueDart,2920.0,190.21,EURO,2026-01-24,2026-01-22,,Image tough because walk would yes pass.,True,False,,,New Lane
blr,IND,,,,,blr-IND,LogiX,3470.0,26.38,INR,2026-05-08,2027-04-08,,Purpose without become office.,True,False,,,New Lane
blr,JPR,,,,,blr-JPR,CargoMax,1883.0,439.02,usd,2026-04-13,2027-01-21,Special handling,Discover letter you present.,True,False,,,New Lane
blr,JPR,,,,,blr-JPR,FastMove,3794.0,21.91,Usd,2025-05-27,2026-01-13,priority,Black near should tonight cover seat.,True,False,,,New Lane
blr,NAG,,,,,blr-NAG,CargoMax,1029.0,443.7,,2025-06-05,2026-01-30,Urgent,Chair behind maintain occur environmental foot risk.,True,False,,,New Lane
blr,NAG,,,,,blr-NAG,CargoMax,1029.0,443.7,,2025-06-05,2026-01-30,Urgent,Chair behind maintain occur environmental foot risk.,True,False,,,New Lane
blr,PAT,,,,,blr-PAT,BlueDart,1283.0,13.99,Usd,2026-01-27,2026-06-20,Urgent,Nice certain upon serious their risk maintain none.,True,False,,,New Lane
blr,PAT,,,,,blr-PAT,LogiX,4874.0,164.32,,2025-10-06,2025-10-30,priority,Child everybody leader road establish owner.,True,False,,,New Lane
blr,SUR,,,,,blr-SUR,QuickShip,2619.0,386.23,usd,2025-07-30,2026-05-11,priority,Claim soon life.,True,False,,,New Lane
blr,SUR,,,,,blr-SUR,CargoMax,3948.0,288.08,inr,2025-09-25,2026-05-23,Special handling,Property who say put.,True,False,,,New Lane
che,BPL,,,,,che-BPL,QuickShip,1029.0,296.48,inr,2025-05-29,2026-05-16,check rate,Time site year likely agency.,True,False,,,New Lane
che,GOI,,,,,che-GOI,BlueDart,1237.0,392.55,INR,2025-11-05,2025-12-17,,Right price ask hear place.,True,False,,,New Lane
che,GOI,,,,,che-GOI,LogiX,2296.0,26.48,usd,2025-07-13,2026-02-26,,Case page gun black grow.,True,False,,,New Lane
che,GOI,,,,,che-GOI,LogiX,2316.0,73.28,usd,2025-11-15,2025-12-09,,Least find security.,True,False,,,New Lane
che,IND,,,,,che-IND,QuickShip,4149.0,468.59,inr,2025-11-09,2026-04-01,Special handling,Star government enough either debate try between.,True,False,,,New Lane
che,IND,,,,,che-IND,FastMove,4206.0,343.4,usd,2026-02-12,2026-05-26,priority,Staff whom performance seven then now.,True,False,,,New Lane
che,IND,,,,,che-IND,LogiX,4889.0,422.87,INR,2026-01-23,2026-06-16,,Buy win style wall rather series benefit.,True,False,,,New Lane
che,PAT,,,,,che-PAT,FastMove,726.0,420.98,INR,2025-06-02,2026-02-22,check rate,Much against close agent majority build safe customer.,True,False,,,New Lane
che,PAT,,,,,che-PAT,BlueDart,1266.0,142.84,usd,2025-11-23,2026-08-13,Urgent,Establish win space economy determine executive.,True,False,,,New Lane
che,PAT,,,,,che-PAT ,CargoMax,3629.0,339.49,,2025-10-13,2026-01-07,priority,Within general marriage alone open.,True,False,,,New Lane
che,SUR,,,,,che-SUR,QuickShip,4193.0,446.74,,2025-07-27,2025-11-20,priority,Sense add share detail song bring spend.,True,False,,,New Lane
del,BPL,,,,,del-BPL,CargoMax,1054.0,461.11,INR,2025-10-25,2026-01-30,priority,Discuss police long.,True,False,,,New Lane
del,BPL,,,,,del-BPL,FastMove,1137.0,44.8,,2026-03-26,2026-08-22,Urgent,Moment get mean mission.,True,False,,,New Lane
del,BPL,,,,,del-BPL,CargoMax,1157.0,328.13,usd,2026-03-08,2026-02-15,Urgent,Brother consumer may none feeling in summer north.,True,False,,,New Lane
del,BPL,,,,,del-BPL,FastMove,1137.0,44.8,,2026-03-26,2026-08-22,Urgent,Moment get mean mission.,True,False,,,New Lane
del,GOI,,,,,del-GOI,CargoMax,4148.0,339.4,Usd,2026-04-25,2026-04-04,,Cup various those side paper.,True,False,,,New Lane
del,IND,,,,,del-IND,FastMove,3516.0,369.15,EURO,2025-10-02,2025-08-25,,Heavy head plant general like be product.,True,False,,,New Lane
del,JPR,,,,,del-JPR,BlueDart,3412.0,250.8,EURO,2025-11-25,2025-12-27,check rate,Too arrive someone.,True,False,,,New Lane
del,JPR,,,,,del-JPR,BlueDart,3412.0,250.8,EURO,2025-11-25,2025-12-27,check rate,Too arrive someone.,True,False,,,New Lane
del,LKO,,,,,del-LKO,BlueDart,4471.0,249.38,INR,2025-08-19,2026-04-07,priority,Popular whole wall to cover.,True,False,,,New Lane
del,LKO,,,,,del-LKO,QuickShip,4175.0,83.87,usd,2025-07-09,2026-05-02,,Officer when exactly.,True,False,,,New Lane
del,NAG,,,,,del-NAG,LogiX,3930.0,279.03,inr,2025-09-17,2026-07-07,check rate,Adult subject crime board likely.,True,False,,,New Lane
del,PAT,,,,,del-PAT,LogiX,3653.0,138.49,usd,2025-07-09,2025-07-08,,Or under speak three.,True,False,,,New Lane
del,PAT,,,,,del-PAT,LogiX,2120.0,144.71,inr,2026-05-11,2027-05-01,Special handling,Statement trial color live.,True,False,,,New Lane
del,PAT,,,,,del-PAT,BlueDart,1848.0,124.89,INR,2026-03-04,2026-04-23,check rate,Social book and well.,True,False,,,New Lane
del,PAT,,,,,del-PAT,FastMove,3273.0,381.9,usd,2025-08-08,2026-01-22,,General it child wife.,True,False,,,New Lane
del,PAT,,,,,del-PAT,LogiX,2721.0,282.0,EURO,2025-07-04,2025-11-26,priority,Manager bank lose thank meet and better suddenly.,True,False,,,New Lane
del,PAT,,,,,del-PAT,LogiX,2120.0,144.71,inr,2026-05-11,2027-05-01,Special handling,Statement trial color live.,True,False,,,New Lane
hyd,BPL,,,,,hyd-BPL,QuickShip,634.0,482.58,INR,2025-10-03,2026-01-01,,Play only world too who check.,True,False,,,New Lane
hyd,GOI,,,,,hyd-GOI,FastMove,4363.0,92.67,EURO,2025-10-30,2026-07-15,priority,Field hotel very treat three.,True,False,,,New Lane
hyd,JPR,,,,,hyd-JPR,BlueDart,4828.0,188.4,Usd,2026-04-04,2026-03-06,check rate,House though decision bag away too including.,True,False,,,New Lane
hyd,JPR,,,,,hyd-JPR,QuickShip,2320.0,288.31,Usd,2026-01-22,2026-09-16,priority,Fund myself its foreign serve single.,True,False,,,New Lane
hyd,LKO,,,,,hyd-LKO,LogiX,588.0,128.93,INR,2025-08-20,2025-12-13,check rate,Choose financial religious example nature truth son.,True,False,,,New Lane
hyd,LKO,,,,,hyd-LKO,CargoMax,1545.0,163.75,usd,2025-11-08,2026-04-04,,Approach several policy expert class religious property.,True,False,,,New Lane
hyd,PAT,,,,,hyd-PAT,BlueDart,1200.0,353.67,usd,2025-07-12,2025-10-03,Urgent,Better laugh population stage recognize enter section charge.,True,False,,,New Lane
hyd,SUR,,,,,hyd-SUR ,LogiX,4147.0,88.59,,2025-12-10,2026-09-08,,Test administration likely society difference some the.,True,False,,,New Lane
kol,BPL,,,,,kol-BPL,LogiX,1319.0,326.15,EURO,2025-12-27,2026-11-10,priority,However box ago group.,True,False,,,New Lane
kol,GOI,,,,,kol-GOI,FastMove,4226.0,282.41,INR,2025-11-22,2026-07-19,,Yourself table fish alone able position.,True,False,,,New Lane
kol,GOI,,,,,kol-GOI,BlueDart,1756.0,375.09,INR,2025-07-30,2026-03-26,,Team conference drive affect which.,True,False,,,New Lane
kol,GOI,,,,,kol-GOI,FastMove,904.0,365.24,usd,2025-08-16,2026-07-04,priority,He word fall range save by sister tough.,True,False,,,New Lane
kol,IND,,,,,kol-IND,LogiX,4271.0,36.71,,2025-12-23,2026-03-31,,Board help five view determine series.,True,False,,,New Lane
kol,JPR,,,,,kol-JPR,BlueDart,1948.0,169.38,inr,2025-11-05,2026-09-27,,Carry environment level bar low respond third.,True,False,,,New Lane
kol,LKO,,,,,kol-LKO,CargoMax,1929.0,389.1,INR,2025-11-24,2026-05-20,Special handling,Including institution today score it.,True,False,,,New Lane
kol,NAG,,,,,kol-NAG ,LogiX,3273.0,196.03,usd,2025-10-24,2025-12-19,Special handling,Bring somebody education.,True,False,,,New Lane
kol,NAG,,,,,kol-NAG,FastMove,920.0,363.53,EURO,2025-06-09,2025-08-05,,Than as together bit yet daughter.,True,False,,,New Lane
kol,PAT,,,,,kol-PAT,FastMove,4754.0,262.18,usd,2025-08-03,2026-04-05,,Health policy hand act.,True,False,,,New Lane
kol,PAT,,,,,kol-PAT,CargoMax,3456.0,355.04,usd,2025-07-12,2026-05-16,check rate,Black never sport left claim on.,True,False,,,New Lane
kol,PAT,,,,,kol-PAT,CargoMax,4843.0,440.9,usd,2025-05-15,2025-08-26,check rate,Campaign western present fear site.,True,False,,,New Lane
kol,PAT,,,,,kol-PAT,FastMove,1436.0,497.02,inr,2025-08-13,2025-10-16,Special handling,Same class anything letter.,True,False,,,New Lane
kol,PAT,,,,,kol-PAT,FastMove,1436.0,497.02,inr,2025-08-13,2025-10-16,Special handling,Same class anything letter.,True,False,,,New Lane
kol,SUR,,,,,kol-SUR,CargoMax,3025.0,296.95,,2025-12-01,2026-10-29,priority,Show outside daughter determine.,True,False,,,New Lane
kol,SUR,,,,,kol-SUR,BlueDart,1802.0,428.75,usd,2025-08-18,2026-03-04,Urgent,Act certainly you myself.,True,False,,,New Lane
mum,BPL,,,,,mum-BPL,LogiX,4911.0,134.33,Usd,2025-07-08,2025-05-27,Special handling,Service continue tax ground court professor movement and.,True,False,,,New Lane
mum,GOI,,,,,mum-GOI,LogiX,1095.0,67.95,,2025-08-05,2026-06-22,priority,Happy western exist race natural machine market.,True,False,,,New Lane
mum,GOI,,,,,mum-GOI,CargoMax,2941.0,339.55,INR,2025-10-19,2026-05-15,priority,Federal arm ground record west not.,True,False,,,New Lane
mum,IND,,,,,mum-IND ,BlueDart,594.0,482.9,Usd,2025-05-19,2025-08-18,check rate,Return short test security.,True,False,,,New Lane
mum,JPR,,,,,mum-JPR,LogiX,3147.0,93.56,EURO,2025-06-08,2025-12-16,priority,Front never possible put.,True,False,,,New Lane
mum,JPR,,,,,mum-JPR,LogiX,4737.0,124.42,usd,2026-01-20,2026-10-04,,Serve program gun answer religious.,True,False,,,New Lane
mum,JPR,,,,,mum-JPR,QuickShip,58140.0,42.94,EURO,2025-12-23,2026-06-20,Urgent,Main offer middle although.,True,False,,,New Lane
mum,LKO,,,,,mum-LKO,CargoMax,2213.0,95.99,usd,2026-05-06,2027-05-02,,How why experience avoid.,True,False,,,New Lane
mum,NAG,,,,,mum-NAG,LogiX,1612.0,209.28,,2025-12-04,2026-01-13,Urgent,Law hair first clear Congress fly foot.,True,False,,,New Lane
mum,NAG,,,,,mum-NAG,LogiX,3693.0,169.57,,2025-11-15,2026-09-21,priority,Recent old public occur decade offer instead.,True,False,,,New Lane
mum,NAG,,,,,mum-NAG,LogiX,3693.0,169.57,,2025-11-15,2026-09-21,priority,Recent old public occur decade offer instead.,True,False,,,New Lane
mum,NAG,,,,,mum-NAG,CargoMax,1201.0,191.42,inr,2025-07-05,2025-08-02,Special handling,Executive prepare road animal.,True,False,,,New Lane
mum,PAT,,,,,mum-PAT,CargoMax,1033.0,271.88,usd,2026-04-15,2026-03-17,Special handling,Like miss argue book.,True,False,,,New Lane
pnq,BPL,,,,,pnq-BPL,BlueDart,1169.0,309.37,EURO,2026-02-14,2026-02-26,,Record fact up thing we skill hotel.,True,False,,,New Lane
pnq,BPL,,,,,pnq-BPL,QuickShip,2332.0,53.44,INR,2026-01-23,2026-11-07,,Teach notice choose officer.,True,False,,,New Lane
pnq,GOI,,,,,pnq-GOI,LogiX,3680.0,298.6,inr,2025-06-02,2026-02-15,priority,Before simply capital that personal son car necessary.,True,False,,,New Lane
pnq,IND,,,,,pnq-IND,QuickShip,2781.0,218.14,Usd,2025-11-07,2026-09-27,Special handling,Evidence turn floor color security.,True,False,,,New Lane
pnq,JPR,,,,,pnq-JPR,QuickShip,2801.0,290.56,EURO,2026-04-07,2027-02-12,,Give imagine artist fund also fight mission.,True,False,,,New Lane
pnq,JPR,,,,,pnq-JPR,FastMove,1634.0,172.02,,2026-02-26,2026-05-13,,News seem fish have song music look.,True,False,,,New Lane
pnq,JPR,,,,,pnq-JPR,FastMove,4828.0,237.56,,2026-05-08,2027-03-08,,Senior identify speak thank then open task remain.,True,False,,,New Lane
pnq,JPR,,,,,pnq-JPR,CargoMax,1449.0,64.06,Usd,2025-11-13,2026-02-17,,Concern charge rise billion.,True,False,,,New Lane
pnq,JPR,,,,,pnq-JPR,FastMove,2012.0,255.24,inr,2026-03-28,2026-03-05,,Policy article fly book test chance start.,True,False,,,New Lane
pnq,PAT,,,,,pnq-PAT,FastMove,4203.0,446.29,,2025-06-14,2025-10-18,priority,Never himself sure past.,True,False,,,New Lane
,,,,,,,BlueDart,2827.0,148.92,,2026-01-04,2026-12-21,,Campaign risk instead low wait.,True,False,,,New Lane
,,,,,,,BlueDart,3290.0,90.18,usd,2026-03-18,2027-03-17,,Building reason perhaps hospital capital believe.,True,False,,,New Lane
,,,,,,,CargoMax,519.0,176.69,Usd,2026-01-09,2025-12-31,check rate,Think then look determine season his.,True,False,,,New Lane
,,,,,,,CargoMax,1598.0,402.57,EURO,2025-09-23,2026-03-05,check rate,Support capital decision just whether head.,True,False,,,New Lane
,,,,,,,FastMove,2070.0,129.59,Usd,2025-10-07,2025-12-07,check rate,Poor successful have majority look.,True,False,,,New Lane
,,,,,,,LogiX,3747.0,401.44,usd,2026-02-01,2026-07-02,,Do region record necessary interview.,True,False,,,New Lane
,,,,,,,CargoMax,3215.0,145.42,INR,2025-06-25,2026-01-04,check rate,Among space ten crime it possible next.,True,False,,,New Lane
,,,,,,,FastMove,4022.0,407.99,,2025-08-30,2026-03-21,,Live design they like.,True,False,,,New Lane
,,,,,,,LogiX,2910.0,453.16,INR,2025-08-13,2026-02-25,Special handling,Cup add contain seat son prove quality think.,True,False,,,New Lane
,,,,,,,LogiX,540.0,318.26,usd,2026-03-08,2026-08-19,Urgent,Policy discussion student modern clearly.,True,False,,,New Lane
,,,,,,,QuickShip,674.0,323.31,INR,2025-06-13,2025-11-19,priority,Show key five they Mr group.,True,False,,,New Lane
,,,,,,,QuickShip,2674.0,125.54,usd,2026-01-05,2026-06-29,Urgent,Serious this probably art place always commercial.,True,False,,,New Lane
,,,,,,,LogiX,966.0,324.69,EURO,2026-04-27,2026-07-06,Urgent,Coach hair skin.,True,False,,,New Lane
,,,,,,,FastMove,2622.0,423.64,INR,2025-09-07,2025-11-21,priority,Season decision born answer so whether.,True,False,,,New Lane
,,,,,,,BlueDart,2583.0,229.65,Usd,2025-07-21,2026-07-10,,Question past identify significant.,True,False,,,New Lane
,,,,,,,FastMove,1422.0,98.51,INR,2026-02-23,2026-10-07,Urgent,Hair small no about.,True,False,,,New Lane
,,,,,,,BlueDart,4928.0,209.0,EURO,2025-05-15,2025-09-01,Urgent,Worry store everybody feel resource wall pay.,True,False,,,New Lane
,,,,,,,BlueDart,819.0,49.84,INR,2026-01-03,2026-07-01,priority,Future course successful industry.,True,False,,,New Lane
,,,,,,,CargoMax,1525.0,84.09,Usd,2025-10-05,2025-09-08,priority,Mind pattern international offer.,True,False,,,New Lane
,,,,,,,CargoMax,1201.0,230.08,,2026-01-27,2026-05-21,,Nor practice center computer again.,True,False,,,New Lane
,,,,,,,BlueDart,3538.0,346.28,,2025-10-16,2026-09-23,Urgent,Surface institution worry.,True,False,,,New Lane
,,,,,,,BlueDart,3245.0,197.73,inr,2025-09-19,2025-09-18,priority,Whole hand each open girl nearly.,True,False,,,New Lane
,,,,,,,LogiX,4035.0,434.42,INR,2026-01-14,2026-08-09,priority,Top big find get matter.,True,False,,,New Lane
,,,,,,,QuickShip,4976.0,423.94,Usd,2025-07-26,2025-08-14,,Father professional eight prepare anything.,True,False,,,New Lane
,,,,,,,BlueDart,4439.0,183.83,usd,2025-08-10,2025-08-12,Urgent,Staff service protect control pull happy election son.,True,False,,,New Lane
,,,,,,,QuickShip,3088.0,391.42,inr,2025-06-30,2025-08-15,,Seat size sometimes who.,True,False,,,New Lane
,,,,,,,BlueDart,2429.0,366.45,INR,2025-11-03,2026-05-05,,Evidence study change building rule song.,True,False,,,New Lane
,,,,,,,QuickShip,884.0,320.7,INR,2025-07-26,2025-11-15,,Positive course exactly together themselves report physical too.,True,False,,,New Lane
,,,,,,,FastMove,4541.0,279.65,usd,2026-02-17,2026-09-30,Special handling,Mission body concern air memory coach off.,True,False,,,New Lane
,,,,,,,BlueDart,506.0,332.55,Usd,2025-08-09,2025-07-09,Special handling,Often make eye training citizen task.,True,False,,,New Lane
,,,,,,,FastMove,2731.0,315.1,INR,2026-04-14,2026-05-02,check rate,Take hotel relate local talk college type form.,True,False,,,New Lane
,,,,,,,QuickShip,1505.0,272.03,Usd,2026-04-26,2026-11-28,Urgent,Away pressure true edge structure.,True,False,,,New Lane
,,,,,,,FastMove,56920.0,450.37,,2025-08-28,2026-06-30,priority,Until reflect draw.,True,False,,,New Lane
,,,,,,,QuickShip,1775.0,30.07,EURO,2025-12-11,2026-04-03,,Drug development prepare meeting.,True,False,,,New Lane
,,,,,,,CargoMax,2369.0,93.98,Usd,2025-08-22,2025-11-17,,Level each high many.,True,False,,,New Lane
,,,,,,,QuickShip,3731.0,207.59,INR,2025-10-25,2025-09-10,Urgent,Miss letter theory war.,True,False,,,New Lane
,,,,,,,BlueDart,2459.0,139.55,EURO,2026-05-02,2026-04-13,,Spring put successful audience everyone two memory.,True,False,,,New Lane
,,,,,,,CargoMax,931.0,294.37,usd,2026-03-13,2027-02-07,priority,Situation strong thing officer grow writer again.,True,False,,,New Lane
,,,,,,,CargoMax,2464.0,75.49,EURO,2026-04-26,2027-02-08,,Land north watch trip car stand entire.,True,False,,,New Lane
,,,,,,,FastMove,835.0,470.26,inr,2025-10-28,2025-11-08,Special handling,Particular get difference risk.,True,False,,,New Lane
,,,,,,,LogiX,12360.0,157.16,EURO,2025-12-13,2026-09-28,,Feeling give view.,True,False,,,New Lane
,,,,,,,LogiX,2543.0,216.88,Usd,2026-03-09,2026-03-08,check rate,Five upon fact me.,True,False,,,New Lane
,,,,,,,QuickShip,560.0,294.85,inr,2026-03-19,2026-08-30,Urgent,Research enter section Mr type their.,True,False,,,New Lane
,,,,,,,BlueDart,3107.0,176.62,inr,2025-11-25,2025-12-18,Special handling,Happy war who recently population.,True,False,,,New Lane
,,,,,,,LogiX,48760.0,157.64,Usd,2025-08-15,2026-05-09,,Represent risk state without point role.,True,False,,,New Lane
,,,,,,,QuickShip,4375.0,269.09,INR,2026-01-31,2026-12-10,Special handling,Reduce create with manager just support.,True,False,,,New Lane
,,,,,,,FastMove,1260.0,206.47,inr,2025-10-01,2026-07-07,priority,Great box usually whether street.,True,False,,,New Lane
,,,,,,,CargoMax,4731.0,478.51,EURO,2026-05-09,2027-02-08,check rate,Technology research economic tax.,True,False,,,New Lane
,,,,,,,QuickShip,2035.0,135.81,EURO,2025-09-10,2026-06-21,priority,Institution view order thousand program.,True,False,,,New Lane
,,,,,,,QuickShip,3656.0,109.27,usd,2025-10-02,2026-01-15,Urgent,Plant government walk although.,True,False,,,New Lane
,,,,,,,LogiX,4053.0,124.46,EURO,2025-06-29,2025-11-26,priority,Military assume agency modern.,True,False,,,New Lane
,,,,,,,CargoMax,2461.0,43.29,INR,2025-08-21,2025-08-08,Urgent,Kid inside simply difference personal.,True,False,,,New Lane
,,,,,,,FastMove,1055.0,328.8,usd,2025-07-08,2026-03-30,check rate,Answer affect sport day.,True,False,,,New Lane
,,,,,,,QuickShip,2529.0,393.49,EURO,2025-09-03,2026-01-30,Special handling,Control act everybody else above friend skin.,True,False,,,New Lane
,,,,,,,FastMove,2622.0,423.64,INR,2025-09-07,2025-11-21,priority,Season decision born answer so whether.,True,False,,,New Lane
,,,,,,,BlueDart,874.0,478.68,inr,2026-03-24,2027-03-12,,Spend although woman organization change.,True,False,,,New Lane
,,,,,,,CargoMax,4464.0,46.86,,2025-07-31,2025-09-13,check rate,Production low this future religious week.,True,False,,,New Lane
,,,,,,,CargoMax,60380.0,468.55,inr,2026-04-21,2026-04-13,priority,Method school head charge part.,True,False,,,New Lane
,,,,,,,QuickShip,844.0,433.88,usd,2026-03-02,2026-08-19,check rate,Rate provide town election over three budget.,True,False,,,New Lane
,,,,,,,QuickShip,2005.0,312.62,usd,2025-05-22,2026-04-04,,Discover I beautiful security perhaps off approach discover.,True,False,,,New Lane
,,,,,,,QuickShip,884.0,320.7,INR,2025-07-26,2025-11-15,,Positive course exactly together themselves report physical too.,True,False,,,New Lane
